State_Name,City,Zip_Code,Lat,Lon,Mean,Median,Stdev
Florida,Miami,33155,25.746187,-80.304463,61400,48065,52115
Florida,Miami,33156,25.665174,-80.304857,136954,129060,87857
Florida,Miami,33147,25.8640766,-80.2516664,57207,300000,38645
Florida,Miami,33150,25.8537111,-80.2205467,66049,300000,26091
Florida,Miami,33147,25.843268899999998,-80.2227936,41979,26726,47089
Florida,Miami,33138,25.8511043,-80.17344140000002,53055,40832,39640
Florida,Miami,33150,25.841848100000004,-80.2016338,25138,19164,23418
Florida,Miami,33142,25.8224276,-80.25190970000001,19405,18270,10802
Florida,Miami,33142,25.8277992,-80.2328235,39678,34969,27337
Florida,Miami,33150,25.834111899999996,-80.21148690000001,28439,26963,24080
Florida,Miami,33127,25.835894800000002,-80.1958796,21177,15921,17656
Florida,Miami,33137,25.810904999999998,-80.1673945,93868,62741,78516
Florida,Miami,33127,25.8167845,-80.21523470000001,25990,21422,31358
Florida,Miami,33127,25.805898499999998,-80.2179573,28090,18691,27769
Florida,Miami,33127,25.8074225,-80.1990921,20710,18513,13509
Florida,Miami,33132,25.790611399999996,-80.1755611,106771,100459,67155
Florida,Miami,33127,25.798763600000004,-80.2147179,39974,36950,25312
Florida,Miami,33125,25.7897979,-80.218498,28166,17856,28867
Florida,Miami,33130,25.7723677,-80.2034913,41999,17098,53751
Florida,Miami,33132,25.7833279,-80.1899021,108955,40781,113936
Florida,Miami,33141,25.878891699999997,-80.123341,120699,111352,74638
Florida,Miami,33126,25.775215300000003,-80.26372490000001,34603,29390,24724
Florida,Miami,33125,25.7820171,-80.24787640000001,36079,25901,33005
Florida,Miami,33130,25.776676000000002,-80.2187962,23430,16773,19744
Florida,Miami,33135,25.771442699999998,-80.2186539,17651,15595,11794
Florida,Miami,33135,25.7688777,-80.2348968,59319,35275,62545
Florida,Miami,33135,25.768503600000003,-80.2471276,30455,19131,36199
Florida,Miami,33144,25.773266699999997,-80.29675309999999,51562,36500,46351
Florida,Miami,33126,25.767612300000003,-80.28098809999999,40103,33009,31155
Florida,Miami,33155,25.759684399999998,-80.2957619,69043,49521,65598
Florida,Miami,33155,25.7521305,-80.29551790000001,68591,45511,58964
Florida,Miami,33155,25.7394453,-80.30955870000001,58200,52884,34923
Florida,Miami,33130,25.761816800000002,-80.218316,44546,21402,48482
Florida,Miami,33130,25.7604305,-80.2084881,39333,300000,35125
Florida,Miami,33130,25.7573362,-80.2012105,74396,41671,74371
Florida,Miami,33130,25.7459487,-80.1945364,56464,56803,42479
Florida,Miami,33130,25.7613363,-80.19031149999999,76955,66826,65384
Florida,Miami,33133,25.7469009,-80.229428,56661,37549,59895
Florida,Miami,33133,25.7389214,-80.2494071,45787,34189,41299
Florida,Miami,33155,25.740369,-80.3274494,61231,56808,44905
Florida,Miami,33156,25.6787012,-80.3289477,83779,48206,80878
Florida,Miami,33156,25.655412100000003,-80.2999603,164101,183131,83359
Florida,Miami,33176,25.633290300000002,-80.37122579999999,56386,300000,35782
Florida,Miami,33157,25.620598899999997,-80.35480390000001,67383,66612,42271
Florida,Miami,33176,25.6754407,-80.35026579999999,90865,79386,64419
Florida,Miami,33173,25.6941743,-80.3480789,89549,53188,79955
Florida,Miami,33173,25.692010800000002,-80.3774188,56210,49638,43552
Florida,Miami,33176,25.6552257,-80.3594814,147895,300000,77676
Florida,Miami,33173,25.6990759,-80.3739868,53209,47411,42427
Florida,Miami,33173,25.7071776,-80.3378522,130306,128241,72837
Florida,Miami,33165,25.721542899999996,-80.38058670000001,62062,47077,63077
Florida,Miami,33165,25.7397543,-80.3596983,87807,84524,55356
Florida,Miami,33155,25.7542082,-80.32818509999998,49871,37500,35263
Florida,Miami,33174,25.7504756,-80.3612375,69326,54043,63861
Florida,Miami,33174,25.7654069,-80.36223259999998,67592,44809,57315
Florida,Miami,33172,25.779010800000002,-80.34661259999999,74874,63125,54444
Florida,Miami,33174,25.7722484,-80.36276459999999,75015,55008,69576
Florida,Miami,33142,25.8105225,-80.3163876,42093,40823,27613
Florida,Miami,33180,25.957514899999996,-80.1579683,106875,93220,73501
Florida,Miami,33169,25.9534359,-80.1886338,45948,41097,28707
Florida,Miami,33169,25.9500736,-80.2203591,46484,35029,42183
Florida,Miami,33142,25.961289800000003,-80.2869675,34075,23259,27739
Florida,Miami,33177,25.589430800000002,-80.3996082,57124,46391,35309
Florida,Miami,33157,25.590348000000002,-80.3774696,24076,20729,18442
Florida,Miami,33170,25.570315100000002,-80.36107259999999,38140,28366,26586
Florida,Miami,33170,25.5534169,-80.3664036,36699,29406,24586
Florida,Miami,33142,25.374485999999997,-80.38480870000001,88673,300000,46627
Florida,Miami,33144,25.713690600000003,-80.7200816,94773,93157,58190
Florida,Miami,33175,25.7542102,-80.38812159999999,30348,26435,20919
Florida,Miami,33175,25.756339,-80.41344029999999,51354,33179,46692
Florida,Miami,33185,25.736673,-80.4289703,94530,78130,61755
Florida,Miami,33183,25.709766000000002,-80.39076159999999,118736,85742,82655
Florida,Miami,33185,25.7222523,-80.4373746,76912,73868,57758
Florida,Miami,33193,25.7072375,-80.4465974,72538,300000,57905
Florida,Miami,33183,25.7069458,-80.4115954,76456,52544,65197
Florida,Miami,33183,25.6933087,-80.4224547,99029,300000,57438
Florida,Miami,33193,25.6956133,-80.442024,40562,34745,29831
Florida,Miami,33196,25.680342800000002,-80.43808349999999,50330,40052,35921
Florida,Miami,33196,25.663797,-80.4386047,41395,34120,31519
Florida,Miami,33186,25.6630467,-80.4282066,122899,300000,56912
Florida,Miami,33186,25.678651199999997,-80.40597559999999,58154,51822,39998
Florida,Miami,33186,25.666703,-80.390079,77576,69216,51314
Florida,Miami,33186,25.6364556,-80.4243943,81968,67477,62550
Florida,Miami,33177,25.604096300000002,-80.41811750000001,68076,300000,40030
Florida,Miami,33186,25.6220033,-80.4196328,75533,300000,50499
Florida,Miami,33160,25.9290515,-80.141806,65160,54918,49653
Florida,Miami,33167,25.8891438,-80.23547679999999,46754,34114,39977
Florida,Miami,33142,25.8624435,-80.31871009999999,33073,21975,31164
Florida,Miami,33138,25.840337100000003,-80.1766328,74554,56686,65830
Florida,Miami,33142,25.8180833,-80.24462729999999,36637,24355,32957
Florida,Miami,33137,25.8291676,-80.191963,29250,20232,30173
Florida,Miami,33127,25.8074225,-80.1990921,53191,35516,52723
Florida,Miami,33136,25.792413800000002,-80.2015118,22164,13361,23311
Florida,Miami,33125,25.7887074,-80.2644376,27975,22992,20403
Florida,Miami,33135,25.771442699999998,-80.2186539,22526,19332,17043
Florida,Miami,33126,25.768043300000002,-80.2634738,59051,42013,53303
Florida,Miami,33142,25.7428824,-80.29817249999999,75351,59933,58561
Florida,Miami,33135,25.7616243,-80.2346304,38795,25025,37531
Florida,Miami,33130,25.7459487,-80.1945364,91996,73213,76707
Florida,Miami,33133,25.7389214,-80.2494071,50056,38892,45346
Florida,Miami,33156,25.6787012,-80.3289477,105816,83925,78964
Florida,Miami,33176,25.6754407,-80.35026579999999,113112,94711,79002
Florida,Miami,33173,25.696316500000002,-80.3601105,56105,51824,39305
Florida,Miami,33165,25.7400585,-80.3476947,57061,44370,53316
Florida,Miami,33174,25.772402800000002,-80.3744099,38096,32641,28290
Florida,Miami,33174,25.7722484,-80.36276459999999,62224,48385,51230
Florida,Miami,33180,25.965543399999998,-80.15370820000001,118452,91903,73206
Florida,Miami,33157,25.590348000000002,-80.3774696,35269,25687,29772
Florida,Miami,33157,25.589048000000002,-80.3259168,73055,58846,59613
Florida,Miami,33175,25.7773664,-80.42598819999999,0,0,0
Florida,Miami,33144,25.747286399999997,-80.4685081,86375,76591,55568
Florida,Miami,33175,25.721637100000002,-80.4267493,63628,56555,41435
Florida,Miami,33183,25.7074612,-80.4026145,49313,38805,38303
Florida,Miami,33196,25.680342800000002,-80.43808349999999,60131,48438,41878
Florida,Miami,33186,25.6784107,-80.39539090000001,70993,55505,58020
Florida,Miami,33186,25.6220033,-80.4196328,80320,65547,57031
Florida,Miami,33180,25.9408377,-80.14506659999999,68912,48753,52758
Florida,Miami,33169,25.9216765,-80.19905200000001,41844,26958,42079
Florida,Miami,33147,25.8654634,-80.22096490000001,37904,28825,27820
Florida,Miami,33167,25.872823,-80.2211655,38949,31754,27266
Minnesota,Minneapolis,55430,45.045480299999994,-93.30869890000001,70497,49135,58578
Minnesota,Minneapolis,55418,45.026556799999994,-93.25030079999999,68157,62271,48955
Minnesota,Minneapolis,55413,45.0087925,-93.2668994,51352,43727,45014
Minnesota,Minneapolis,55411,44.987998100000006,-93.3032245,47586,38652,38827
Minnesota,Minneapolis,55403,44.960012899999995,-93.2829297,48029,33555,39899
Minnesota,Minneapolis,55408,44.944841700000005,-93.2830363,24339,10994,28921
Minnesota,Minneapolis,55407,44.9429041,-93.2572053,57813,48486,38848
Minnesota,Minneapolis,55410,44.9151125,-93.3136735,147891,132498,85330
Minnesota,Minneapolis,55417,44.909770200000004,-93.25435379999999,91115,300000,55811
Minnesota,Minneapolis,55417,44.910575099999996,-93.2348551,88926,300000,58887
Minnesota,Minneapolis,55419,44.8970126,-93.3054316,94043,101590,46154
Minnesota,Minneapolis,55419,44.896108899999994,-93.2768378,53885,39759,49144
Minnesota,Minneapolis,55410,44.9123154,-93.3407063,190184,300000,73874
Minnesota,Minneapolis,55418,45.0258747,-93.2709248,65469,56442,38678
Minnesota,Minneapolis,55412,45.0175949,-93.2872546,42931,41351,24387
Minnesota,Minneapolis,55411,45.0098845,-93.3117573,37949,28405,34032
Minnesota,Minneapolis,55411,45.0038655,-93.3142464,48410,50330,30985
Minnesota,Minneapolis,55413,45.002987299999994,-93.2534279,41038,20998,42037
Minnesota,Minneapolis,55411,44.9862752,-93.2927796,21886,16565,29221
Minnesota,Minneapolis,55414,44.9919071,-93.2208809,65308,44762,54023
Minnesota,Minneapolis,55454,44.9695244,-93.241219,12471,8069,10948
Minnesota,Minneapolis,55405,44.9726602,-93.3140888,117284,99160,81554
Minnesota,Minneapolis,55411,44.9683365,-93.2953733,159471,300000,78947
Minnesota,Minneapolis,55404,44.9625323,-93.2537455,24385,8847,33928
Minnesota,Minneapolis,55405,44.956132000000004,-93.29936090000001,104205,300000,74428
Minnesota,Minneapolis,55404,44.9546343,-93.2829632,39580,24568,36116
Minnesota,Minneapolis,55405,44.9444245,-93.3014752,59973,51025,43247
Minnesota,Minneapolis,55406,44.94233870000001,-93.22853740000001,43709,41153,32326
Minnesota,Minneapolis,55410,44.93574829999999,-93.31568270000001,64182,44639,51489
Minnesota,Minneapolis,55408,44.93771629999999,-93.28138,53908,36926,59271
Minnesota,Minneapolis,55410,44.9260023,-93.32396120000001,110276,99760,64324
Minnesota,Minneapolis,55407,44.930212299999994,-93.2482858,61966,300000,32574
Minnesota,Minneapolis,55406,44.92251029999999,-93.2082804,118509,300000,61857
Minnesota,Minneapolis,55419,44.9214261,-93.2814329,95033,98231,65696
Minnesota,Minneapolis,55410,44.9115973,-93.3239407,133262,300000,77975
Minnesota,Minneapolis,55419,44.9080472,-93.29417509999999,99193,93389,64530
Minnesota,Minneapolis,55411,45.0095917,-93.30126700000001,45665,39166,37670
Minnesota,Minneapolis,55404,44.953909499999995,-93.2672902,30057,15607,40657
Minnesota,Minneapolis,55418,45.0167956,-93.2422222,70635,59890,51747
Minnesota,Minneapolis,55403,44.960012899999995,-93.2829297,46903,33126,43320
Minnesota,Minneapolis,55410,44.9151125,-93.3136735,133359,114570,79859
Minnesota,Minneapolis,55417,44.8980612,-93.2152827,69004,60458,50515
Minnesota,Minneapolis,55413,44.994407200000005,-93.2031343,42697,36954,36413
Minnesota,Minneapolis,55406,44.937009100000004,-93.1969939,130301,300000,58821
Minnesota,Minneapolis,55412,45.0360622,-93.3059772,47436,35458,43472
Minnesota,Minneapolis,55418,45.009566299999996,-93.2422522,53816,51586,43345
Minnesota,Minneapolis,55411,44.9862752,-93.2927796,35087,17475,46826
Minnesota,Minneapolis,55403,44.9705652,-93.28406149999999,68231,57812,60667
Minnesota,Minneapolis,55405,44.956132000000004,-93.29936090000001,108808,83177,82601
Minnesota,Minneapolis,55406,44.94233870000001,-93.22853740000001,51716,40787,44683
Minnesota,Minneapolis,55411,44.930499600000005,-93.2710511,66103,53023,45437
Minnesota,Minneapolis,55419,44.9080472,-93.29417509999999,130034,124867,73361
Minnesota,Minneapolis,55404,44.953909499999995,-93.2672902,28311,17690,33241
Illinois,Chicago,60608,41.837551,-87.681844,67450,48321,62043
Illinois,Chicago,60640,41.96514129999999,-87.67657750000001,78469,62188,62047
Illinois,Chicago,60625,41.9782333,-87.7164527,76843,65824,55873
Illinois,Chicago,60607,41.8852863,-87.657249,122887,125702,79290
Illinois,Chicago,60621,41.7906903,-87.6450334,30211,22564,30534
Illinois,Chicago,60609,41.8201664,-87.6214989,35542,19340,39270
Illinois,Chicago,60624,41.8818831,-87.7061362,43069,37367,37513
Illinois,Chicago,60612,41.8678233,-87.70082359999999,18778,11398,19417
Illinois,Chicago,60609,41.8273459,-87.648454,70007,61126,56573
Illinois,Chicago,60608,41.8555618,-87.68334200000001,40683,32616,30517
Illinois,Chicago,60610,41.9051041,-87.65015129999999,102681,97367,74517
Illinois,Chicago,60608,41.8637638,-87.69255030000001,45865,36604,41020
Illinois,Chicago,60645,42.0091482,-87.6786204,68064,58498,51180
Illinois,Chicago,60659,41.9868915,-87.7036897,92855,72810,66589
Illinois,Chicago,60660,41.9944414,-87.66523000000001,84568,64803,70683
Illinois,Chicago,60640,41.9804694,-87.6509792,53515,36593,50139
Illinois,Chicago,60640,41.9654466,-87.6631954,63617,39066,65174
Illinois,Chicago,60640,41.966833799999996,-87.6840181,89167,71369,70857
Illinois,Chicago,60618,41.9450095,-87.68092790000001,123393,109819,78392
Illinois,Chicago,60613,41.950673200000004,-87.66653640000001,130979,117215,77528
Illinois,Chicago,60657,41.9431822,-87.6358414,82714,58437,69098
Illinois,Chicago,60613,41.936237,-87.6564113,131655,127212,75221
Illinois,Chicago,60614,41.926811,-87.6426051,62394,54244,53392
Illinois,Chicago,60614,41.9217794,-87.6414578,116013,102149,81570
Illinois,Chicago,60610,41.9074122,-87.6409015,79682,23660,87549
Illinois,Chicago,60610,41.892106299999995,-87.62887370000001,120266,99761,85848
Illinois,Chicago,60631,41.9889687,-87.8180411,98276,88435,64607
Illinois,Chicago,60646,42.0019817,-87.77500649999999,119803,111554,74458
Illinois,Chicago,60625,41.9725485,-87.72378909999999,66802,56346,51238
Illinois,Chicago,60630,41.9645676,-87.77226479999999,75449,59734,61857
Illinois,Chicago,60634,41.942169,-87.7714953,65324,54001,51333
Illinois,Chicago,60618,41.9502131,-87.7128146,76742,56994,56402
Illinois,Chicago,60634,41.9500779,-87.8288957,75500,72648,47707
Illinois,Chicago,60639,41.9349864,-87.7614635,57933,44634,48863
Illinois,Chicago,60626,42.0160077,-87.68014840000001,57338,42875,49435
Illinois,Chicago,60626,42.0064109,-87.6588157,47754,51499,27633
Illinois,Chicago,60626,42.006277399999995,-87.667683,116118,74545,90894
Illinois,Chicago,60645,42.015721,-87.6871169,50542,33813,54595
Illinois,Chicago,60645,42.0085406,-87.6949634,77532,61086,64622
Illinois,Chicago,60645,42.0008746,-87.7018025,69070,44179,57595
Illinois,Chicago,60659,41.9941256,-87.7048939,70606,63211,50478
Illinois,Chicago,60659,41.995057700000004,-87.6864264,43841,30425,33363
Illinois,Chicago,60639,41.9196293,-87.75097629999999,49627,44179,34873
Illinois,Chicago,60660,41.9930264,-87.6550225,57043,55186,42792
Illinois,Chicago,60660,41.9943875,-87.6725348,57785,42539,54835
Illinois,Chicago,60660,41.98547620000001,-87.65839790000001,41430,28841,46332
Illinois,Chicago,60640,41.9788748,-87.6578708,65616,57997,46663
Illinois,Chicago,60640,41.9797951,-87.6714454,115255,75444,77855
Illinois,Chicago,60640,41.9727092,-87.657341,60976,30684,66825
Illinois,Chicago,60613,41.9584475,-87.6424095,78898,60447,54144
Illinois,Chicago,60640,41.9654466,-87.6631954,53591,31167,54585
Illinois,Chicago,60660,41.985480700000004,-87.68299549999999,95680,72041,76175
Illinois,Chicago,60625,41.9798549,-87.694096,44689,39558,37765
Illinois,Chicago,60641,41.935745000000004,-87.7303057,51943,38893,42402
Illinois,Chicago,60625,41.972545000000004,-87.678818,104578,83590,73866
Illinois,Chicago,60625,41.9631612,-87.6922993,79554,63397,52685
Illinois,Chicago,60618,41.957678,-87.6915186,94076,69570,72116
Illinois,Chicago,60618,41.9450095,-87.68092790000001,123393,109819,78392
Illinois,Chicago,60613,41.9575311,-87.6666112,124846,91100,90750
Illinois,Chicago,60613,41.95272,-87.6605008,68114,32865,78579
Illinois,Chicago,60613,41.9491398,-87.65680350000001,109775,89940,71995
Illinois,Chicago,60657,41.9431822,-87.6358414,97705,88226,64221
Illinois,Chicago,60657,41.9415556,-87.6662882,132775,122268,86263
Illinois,Chicago,60613,41.936237,-87.6564113,139986,300000,84179
Illinois,Chicago,60647,41.928396500000005,-87.70491109999999,81319,66598,59013
Illinois,Chicago,60657,41.938923100000004,-87.63467259999999,125803,117138,84707
Illinois,Chicago,60657,41.9347312,-87.6346613,66627,39274,66074
Illinois,Chicago,60614,41.926811,-87.6426051,84713,67533,66772
Illinois,Chicago,60657,41.928945500000005,-87.6608922,139674,300000,90659
Illinois,Chicago,60614,41.9217778,-87.6510614,97440,71069,76233
Illinois,Chicago,60614,41.9142425,-87.62509240000001,112567,104894,61768
Illinois,Chicago,60610,41.9075537,-87.6267897,125447,112880,88353
Illinois,Chicago,60610,41.9058588,-87.63090079999999,95431,101592,58696
Illinois,Chicago,60610,41.9002655,-87.6321089,94403,300000,53619
Illinois,Chicago,60610,41.89915379999999,-87.626212,106815,61702,88523
Illinois,Chicago,60647,41.921125599999996,-87.69975409999999,62390,49719,51452
Illinois,Chicago,60610,41.8983354,-87.6207531,103534,85645,72638
Illinois,Chicago,60610,41.892559000000006,-87.62623,105234,83428,68215
Illinois,Chicago,60610,41.89799,-87.641487,136276,133135,92240
Illinois,Chicago,60631,41.999112700000005,-87.81636440000001,94070,84221,68786
Illinois,Chicago,60631,41.995658299999995,-87.7943145,75901,300000,46371
Illinois,Chicago,60631,41.9889687,-87.8180411,92126,70041,68107
Illinois,Chicago,60656,41.9792049,-87.7974007,76401,64415,47874
Illinois,Chicago,60646,41.987475599999996,-87.7696729,123550,300000,82252
Illinois,Chicago,60630,41.972953600000004,-87.7726114,71379,60056,64812
Illinois,Chicago,60646,42.0019817,-87.77500649999999,132067,124634,83057
Illinois,Chicago,60647,41.912008,-87.70436550000001,55953,37846,53724
Illinois,Chicago,60646,41.9911122,-87.740066,139235,145902,72977
Illinois,Chicago,60625,41.9865589,-87.7133915,99150,81779,61002
Illinois,Chicago,60625,41.9725485,-87.72378909999999,56920,300000,36818
Illinois,Chicago,60625,41.9653619,-87.7318319,66617,48776,60243
Illinois,Chicago,60625,41.963548200000005,-87.7135753,57811,35540,55642
Illinois,Chicago,60641,41.960674700000006,-87.7524131,71365,56846,61488
Illinois,Chicago,60630,41.9645676,-87.77226479999999,67671,50658,58637
Illinois,Chicago,60634,41.9567784,-87.7818414,57024,47202,39982
Illinois,Chicago,60641,41.9497086,-87.7521182,75940,58719,63455
Illinois,Chicago,60641,41.942491700000005,-87.7471554,46902,300000,34461
Illinois,Chicago,60651,41.8990614,-87.72131529999999,35975,24711,32123
Illinois,Chicago,60641,41.9587937,-87.7384,50661,38133,41564
Illinois,Chicago,60618,41.9592098,-87.71297320000001,59513,44897,53424
Illinois,Chicago,60618,41.956093,-87.7006348,64793,53497,47435
Illinois,Chicago,60618,41.9502131,-87.7128146,91989,69580,66213
Illinois,Chicago,60641,41.9426994,-87.73100229999999,43094,32965,42559
Illinois,Chicago,60634,41.94912479999999,-87.79682779999999,86812,96508,49906
Illinois,Chicago,60634,41.941294299999996,-87.8307016,81536,60752,65695
Illinois,Chicago,60634,41.94180720000001,-87.7965238,78491,57812,70699
Illinois,Chicago,60634,41.9344789,-87.79867309999999,72673,41893,71322
Illinois,Chicago,60639,41.9349864,-87.7614635,59089,49065,53519
Illinois,Chicago,60622,41.9066403,-87.6895801,81906,65457,65686
Illinois,Chicago,60634,41.9275604,-87.77073709999999,62159,45322,46796
Illinois,Chicago,60639,41.9278186,-87.7513624,48380,48232,24229
Illinois,Chicago,60639,41.9196293,-87.75097629999999,50742,45184,31996
Illinois,Chicago,60641,41.9350552,-87.7376226,59168,39854,47605
Illinois,Chicago,60639,41.9196348,-87.72967890000001,53307,33121,51170
Illinois,Chicago,60647,41.9337846,-87.72205240000001,32739,27415,27573
Illinois,Chicago,60618,41.935702899999995,-87.7038401,62594,39563,58750
Illinois,Chicago,60647,41.928396500000005,-87.70491109999999,74567,300000,54401
Illinois,Chicago,60647,41.9261554,-87.72156509999999,60965,53395,43578
Illinois,Chicago,60647,41.9209604,-87.7152526,64212,46877,54666
Illinois,Chicago,60622,41.8994219,-87.68449,78935,65049,60992
Illinois,Chicago,60647,41.9208013,-87.694532,64969,56667,56422
Illinois,Chicago,60647,41.915638799999996,-87.7044798,66546,52780,51472
Illinois,Chicago,60639,41.911689200000005,-87.7339434,30233,25293,26149
Illinois,Chicago,60651,41.9063229,-87.7215397,37201,27613,26218
Illinois,Chicago,60651,41.8990614,-87.72131529999999,43925,30553,40894
Illinois,Chicago,60622,41.911969799999994,-87.68363409999999,127429,116708,72179
Illinois,Chicago,60622,41.906707,-87.6846858,125702,105312,82406
Illinois,Chicago,60642,41.9067097,-87.6653277,89382,74140,64361
Illinois,Chicago,60622,41.8995065,-87.6796003,95393,76304,65442
Illinois,Chicago,60622,41.897425399999996,-87.69937420000001,53125,24637,60266
Illinois,Chicago,60642,41.8925579,-87.6598479,94705,77648,71305
Illinois,Chicago,60642,41.892478100000005,-87.6647388,80798,300000,57873
Illinois,Chicago,60639,41.9128419,-87.7608408,38356,30217,29287
Illinois,Chicago,60707,41.914618,-87.796796,88413,300000,53983
Illinois,Chicago,60651,41.9058206,-87.7608128,31877,27847,22925
Illinois,Chicago,60651,41.89862479999999,-87.75201120000001,48207,47201,29374
Illinois,Chicago,60644,41.8909574,-87.7701248,42664,37632,27557
Illinois,Chicago,60644,41.8914065,-87.7518037,39472,29372,35759
Illinois,Chicago,60644,41.8838116,-87.7600945,34600,19320,48912
Illinois,Chicago,60644,41.8766958,-87.7521051,14173,10217,15141
Illinois,Chicago,60624,41.8842766,-87.7331362,40859,30316,35264
Illinois,Chicago,60651,41.89862479999999,-87.75201120000001,37623,24155,35593
Illinois,Chicago,60624,41.8710297,-87.7228141,34462,23320,34751
Illinois,Chicago,60607,41.8853007,-87.6428068,125840,116068,72587
Illinois,Chicago,60607,41.86927360000001,-87.6640458,58326,47569,51461
Illinois,Chicago,60623,41.862661100000004,-87.71287459999999,43216,33943,32561
Illinois,Chicago,60623,41.8551613,-87.7322428,60549,59094,44274
Illinois,Chicago,60623,41.8481796,-87.7026993,28943,23449,23003
Illinois,Chicago,60623,41.8424805,-87.71962540000001,25370,19699,14874
Illinois,Chicago,60623,41.8451846,-87.72775920000001,34248,22989,26450
Illinois,Chicago,60608,41.856333,-87.65956369999999,46870,33202,42162
Illinois,Chicago,60602,41.8850409,-87.6209099,90615,62317,78883
Illinois,Chicago,60644,41.873880799999995,-87.7698551,42349,29073,48518
Illinois,Chicago,60605,41.8613456,-87.63053149999999,21649,15307,30724
Illinois,Chicago,60616,41.835567499999996,-87.6065282,50613,44154,28360
Illinois,Chicago,60653,41.820574,-87.6149861,74365,58519,50977
Illinois,Chicago,60615,41.8038481,-87.6211978,34994,22997,29786
Illinois,Chicago,60653,41.805978100000004,-87.5991987,80080,43963,79178
Illinois,Chicago,60637,41.7910414,-87.6231791,37468,28725,36740
Illinois,Chicago,60615,41.798049299999995,-87.5941996,61427,51124,58367
Illinois,Chicago,60637,41.790454499999996,-87.5897011,126270,115856,91058
Illinois,Chicago,60637,41.7830135,-87.6132777,23137,16331,23217
Illinois,Chicago,60649,41.7698532,-87.573953,37066,30544,27832
Illinois,Chicago,60624,41.8770565,-87.7279962,30439,22613,26204
Illinois,Chicago,60649,41.76976129999999,-87.5813509,37493,29810,32053
Illinois,Chicago,60649,41.7643139,-87.58126999999999,37853,30905,32181
Illinois,Chicago,60649,41.7553011,-87.5711843,61910,64828,35978
Illinois,Chicago,60649,41.757208399999996,-87.546555,28485,18310,29397
Illinois,Chicago,60619,41.7482101,-87.61007459999999,41819,30836,36407
Illinois,Chicago,60619,41.7437208,-87.6195427,50178,35939,54624
Illinois,Chicago,60619,41.728669000000004,-87.6090057,50872,38213,48869
Illinois,Chicago,60617,41.7413875,-87.5470102,49093,27327,54491
Illinois,Chicago,60617,41.7444903,-87.5636922,58367,45633,50199
Illinois,Chicago,60617,41.7355805,-87.5492807,18592,12076,16685
Illinois,Chicago,60607,41.8853007,-87.6428068,123240,113157,69503
Illinois,Chicago,60619,41.729194,-87.58797249999999,59990,58915,38569
Illinois,Chicago,60617,41.7276,-87.5590911,41419,35587,30501
Illinois,Chicago,60628,41.7107339,-87.62836170000001,42441,33299,39183
Illinois,Chicago,60628,41.7032801,-87.6153262,37064,28688,30944
Illinois,Chicago,60628,41.6997531,-87.6376994,65862,63084,47542
Illinois,Chicago,60628,41.689123200000004,-87.6168215,25092,18726,25099
Illinois,Chicago,60628,41.689315,-87.60536979999999,44982,32861,35833
Illinois,Chicago,60617,41.7211184,-87.5294325,49372,36691,42523
Illinois,Chicago,60617,41.703008000000004,-87.53070290000001,58671,57545,37137
Illinois,Chicago,60628,41.681561200000004,-87.63239540000001,37589,18475,56142
Illinois,Chicago,60623,41.86241029999999,-87.7324567,31842,20865,29957
Illinois,Chicago,60628,41.674278,-87.632166,41230,28060,37124
Illinois,Chicago,60827,41.650720299999996,-87.5993689,27391,16883,27466
Illinois,Chicago,60633,41.6631813,-87.5359785,56025,300000,43803
Illinois,Chicago,60638,41.8039075,-87.747987,73734,53244,59059
Illinois,Chicago,60638,41.79577020000001,-87.7916514,66024,300000,39468
Illinois,Chicago,60638,41.7885022,-87.79150329999999,69583,43976,64812
Illinois,Chicago,60632,41.8041449,-87.73079090000002,53685,300000,38179
Illinois,Chicago,60632,41.826771799999996,-87.6993478,36150,24750,35795
Illinois,Chicago,60632,41.814561700000006,-87.69931020000001,57527,42559,43807
Illinois,Chicago,60632,41.810219700000005,-87.6866436,37687,30715,26622
Illinois,Chicago,60623,41.8481796,-87.7026993,32302,23908,31968
Illinois,Chicago,60608,41.842259399999996,-87.6554677,48307,32960,45499
Illinois,Chicago,60609,41.8161777,-87.67510209999999,52306,300000,34654
Illinois,Chicago,60609,41.8049362,-87.66730390000001,37676,37671,25330
Illinois,Chicago,60609,41.797599100000006,-87.6719762,35990,300000,25781
Illinois,Chicago,60632,41.7980175,-87.7180257,59370,44760,43974
Illinois,Chicago,60629,41.789638200000006,-87.71816820000001,52306,36765,42893
Illinois,Chicago,60632,41.7972545,-87.6987811,31913,30355,20934
Illinois,Chicago,60629,41.7898114,-87.7083655,63083,51622,42960
Illinois,Chicago,60638,41.7811784,-87.7912474,73740,69108,47992
Illinois,Chicago,60638,41.776411100000004,-87.7519356,52987,47811,35223
Illinois,Chicago,60608,41.8561439,-87.6489782,56437,40319,49051
Illinois,Chicago,60629,41.7822221,-87.73022519999999,53499,55595,33067
Illinois,Chicago,60629,41.7653247,-87.7171803,58072,53156,36949
Illinois,Chicago,60629,41.783595700000006,-87.69839259999999,37868,23924,27933
Illinois,Chicago,60629,41.7772873,-87.6933406,29151,33059,21751
Illinois,Chicago,60629,41.773641299999994,-87.69326559999999,47214,39612,32645
Illinois,Chicago,60629,41.7607879,-87.7026905,44650,31577,40879
Illinois,Chicago,60636,41.790299600000004,-87.67176979999999,35206,20543,41725
Illinois,Chicago,60636,41.776777100000004,-87.6617159,29907,25831,23664
Illinois,Chicago,60636,41.7681721,-87.66963220000001,32861,21835,29206
Illinois,Chicago,60621,41.790563899999995,-87.65235240000001,37535,23959,33196
Illinois,Chicago,60616,41.85929470000001,-87.615523,100208,80088,75156
Illinois,Chicago,60621,41.7760398,-87.6495479,39336,8314,60836
Illinois,Chicago,60621,41.7691893,-87.6384976,33772,30375,28616
Illinois,Chicago,60637,41.76925870000001,-87.62020840000001,42242,21030,60041
Illinois,Chicago,60619,41.7619654,-87.62001509999999,59979,56737,43372
Illinois,Chicago,60620,41.752620799999995,-87.6304113,45593,25873,39026
Illinois,Chicago,60619,41.7550528,-87.6002666,50234,23863,67022
Illinois,Chicago,60652,41.7383652,-87.73130640000001,67224,52425,54374
Illinois,Chicago,60652,41.738230200000004,-87.7118234,98281,84821,61057
Illinois,Chicago,60620,41.7551131,-87.65142519999999,29029,26555,21966
Illinois,Chicago,60620,41.7539184,-87.6709328,40904,29376,44964
Illinois,Chicago,60653,41.8274019,-87.62409090000001,23996,9741,35898
Illinois,Chicago,60620,41.74711,-87.65688399999999,46328,26909,42925
Illinois,Chicago,60620,41.7396436,-87.6485811,47426,42260,40256
Illinois,Chicago,60620,41.7335044,-87.66728549999999,45356,24731,41174
Illinois,Chicago,60643,41.713041700000005,-87.6660545,71710,50939,56113
Illinois,Chicago,60655,41.7028353,-87.68910109999999,113285,102728,60854
Illinois,Chicago,60620,41.7268625,-87.65790159999999,55078,35639,50982
Illinois,Chicago,60643,41.7178408,-87.6526479,68055,55962,47387
Illinois,Chicago,60643,41.703081700000006,-87.6500793,44229,34717,36413
Illinois,Chicago,60655,41.695069399999994,-87.7107233,89685,89175,49023
Illinois,Chicago,60643,41.6958345,-87.6520283,34148,15330,34178
Illinois,Chicago,60615,41.805550200000006,-87.6274463,0,0,0
Illinois,Chicago,60655,41.6856566,-87.685071,102433,85482,74910
Illinois,Chicago,60656,41.9834867,-87.8448495,60456,52770,46416
Illinois,Chicago,60637,41.789719700000006,-87.61143309999999,42398,35881,36928
Illinois,Chicago,60637,41.7967097,-87.5780937,63793,51725,60142
Illinois,Chicago,60637,41.7766914,-87.6106933,32547,22193,36705
Illinois,Chicago,60649,41.7652716,-87.5608903,39201,28319,38982
Illinois,Chicago,60619,41.7409599,-87.609762,49284,27892,53269
Illinois,Chicago,60617,41.747084,-87.55738790000001,34681,22557,39264
Illinois,Chicago,60617,41.72844979999999,-87.5756385,65107,50336,50309
Illinois,Chicago,60628,41.6997625,-87.6280536,38154,24575,42498
Illinois,Chicago,60617,41.7157381,-87.57497359999999,44451,37671,36070
Illinois,Chicago,60643,41.67403970000001,-87.6515267,63662,53944,48589
Illinois,Chicago,60638,41.8113309,-87.7478273,54319,40750,43357
Illinois,Chicago,60632,41.8041449,-87.73079090000002,54062,43669,39379
Illinois,Chicago,60638,41.80725379999999,-87.77359190000001,68837,65195,39193
Illinois,Chicago,60632,41.8174935,-87.68684590000001,42958,34805,32318
Illinois,Chicago,60609,41.8103984,-87.6674491,28587,24037,22111
Illinois,Chicago,60609,41.7976477,-87.6671138,31660,25078,23383
Illinois,Chicago,60632,41.798862,-87.7086378,51037,46178,34455
Illinois,Chicago,60638,41.776411100000004,-87.7519356,65982,58749,45198
Illinois,Chicago,60629,41.7825321,-87.7080441,57545,43661,44771
Illinois,Chicago,60640,41.9583016,-87.66069820000001,100578,78835,65291
Illinois,Chicago,60622,41.914795700000006,-87.67699759999999,132362,300000,72877
Illinois,Chicago,60644,41.869118799999995,-87.75608840000001,49432,37245,36004
Illinois,Chicago,60625,41.9782333,-87.7164527,83770,300000,39741
Illinois,Chicago,60613,41.9528214,-87.65324129999999,72426,57058,62263
Illinois,Chicago,60614,41.9147492,-87.6540551,154541,162304,79773
Illinois,Chicago,60636,41.7903576,-87.6669167,39105,37864,28191
Illinois,Chicago,60617,41.7310321,-87.54742259999999,32574,26611,29701
Illinois,Chicago,60619,41.7458348,-87.591788,42779,300000,27051
Illinois,Chicago,60621,41.7872463,-87.6343057,38938,29597,30684
Illinois,Chicago,60629,41.7828495,-87.68604920000001,44090,41881,32031
Illinois,Chicago,60609,41.8163534,-87.6325415,20729,11373,25528
Illinois,Chicago,60653,41.8140036,-87.6116844,96553,88485,56830
Illinois,Chicago,60653,41.8190118,-87.59517609999999,88645,70630,78009
Illinois,Chicago,60624,41.8818831,-87.7061362,43012,35250,42398
Illinois,Chicago,60612,41.884750200000006,-87.68412679999999,52035,37839,47826
Illinois,Chicago,60612,41.8678233,-87.70082359999999,19359,13112,16724
Illinois,Chicago,60636,41.7737921,-87.67622890000001,37892,29457,34466
Illinois,Chicago,60605,41.871042200000005,-87.6314027,91423,87265,67915
Illinois,Chicago,60608,41.833650799999994,-87.6519488,79730,48852,69319
Illinois,Chicago,60609,41.8273459,-87.648454,66548,52026,64595
Illinois,Chicago,60609,41.833926399999996,-87.66716159999999,54557,47683,46413
Illinois,Chicago,60616,41.8509934,-87.6351083,16732,11061,15025
Illinois,Chicago,60623,41.8616224,-87.7079132,24489,15358,25169
Illinois,Chicago,60651,41.895278499999996,-87.7336103,52236,33720,49825
Illinois,Chicago,60620,41.7424754,-87.6300401,48225,36513,41248
Illinois,Chicago,60632,41.807533899999996,-87.69830440000001,38980,24138,31298
Illinois,Chicago,60623,41.862601700000006,-87.69945290000001,66160,36604,64555
Illinois,Chicago,60621,41.7687665,-87.6493595,30100,18020,36916
Illinois,Chicago,60609,41.8016566,-87.64047559999999,55176,44424,39413
Illinois,Chicago,60620,41.752620799999995,-87.6304113,41723,26446,38258
Illinois,Chicago,60652,41.746213299999994,-87.6903423,77770,71319,50692
Illinois,Chicago,60620,41.7421461,-87.63968929999999,39307,20871,47142
Illinois,Chicago,60643,41.7099918,-87.6866686,105262,91245,59231
Illinois,Chicago,60643,41.710600299999996,-87.6504857,59273,48081,43695
Illinois,Chicago,60643,41.6846153,-87.6712334,64100,50207,46211
Texas,Houston,77024,29.764751,-95.53178100000001,169670,300000,84592
Texas,Houston,77058,29.544766999999997,-95.087482,87666,300000,67186
Texas,Houston,77053,29.592965600000003,-95.4759525,49345,300000,27287
Texas,Houston,77031,29.6298687,-95.55926690000001,57067,57194,28744
Texas,Houston,77083,29.6967094,-95.6778891,59717,300000,44461
Texas,Houston,77032,29.757283100000002,-95.3627308,76967,51439,67201
Texas,Houston,77009,29.807040399999998,-95.3653598,103363,300000,72096
Texas,Houston,77026,29.804158500000003,-95.3312426,24296,19639,20634
Texas,Houston,77026,29.798173100000003,-95.3203735,23062,17909,17471
Texas,Houston,77020,29.766665999999997,-95.2968872,31247,23793,23879
Texas,Houston,77020,29.783817,-95.2995098,41846,32669,35620
Texas,Houston,77020,29.7863474,-95.2850878,42495,34600,31732
Texas,Houston,77022,29.8242157,-95.3657275,48208,300000,37651
Texas,Houston,77093,29.8342967,-95.34963370000001,23130,15615,22498
Texas,Houston,77093,29.860332500000002,-95.34488950000001,46858,41485,30807
Texas,Houston,77076,29.8523942,-95.37277890000001,50643,34372,44074
Texas,Houston,77060,29.8792764,-95.40101729999999,53427,36620,39010
Texas,Houston,77093,29.8818669,-95.3491022,51982,300000,25512
Texas,Houston,77037,29.9005904,-95.3964095,34996,25969,27782
Texas,Houston,77060,29.920335700000003,-95.40331640000001,21786,16606,17797
Texas,Houston,77039,29.914291600000002,-95.3450125,52217,47473,30724
Texas,Houston,77028,29.8199173,-95.3073371,28824,17983,27494
Texas,Houston,77093,29.8484539,-95.3283761,46646,31835,37924
Texas,Houston,77028,29.818201000000002,-95.282634,45245,35122,42913
Texas,Houston,77099,29.8582183,-95.2726329,35365,30582,25714
Texas,Houston,77016,29.8763695,-95.3077825,40044,30229,33843
Texas,Houston,77049,29.821488899999995,-95.191861,58119,300000,30548
Texas,Houston,77013,29.788649300000003,-95.22782729999999,43603,36774,26881
Texas,Houston,77049,29.801140000000004,-95.1933928,47481,42991,29407
Texas,Houston,77015,29.779757500000002,-95.1642778,32531,24095,24778
Texas,Houston,77015,29.754255199999996,-95.20062440000001,43571,38566,30622
Texas,Houston,77073,29.9870837,-95.37297559999999,41181,40530,29537
Texas,Houston,77073,29.9802287,-95.40591040000001,65205,59511,38192
Texas,Houston,77023,29.7364559,-95.3359747,47356,300000,47149
Texas,Houston,77023,29.732539000000003,-95.3248198,41688,36743,28976
Texas,Houston,77011,29.735727899999997,-95.3009728,30681,20267,30585
Texas,Houston,77012,29.718993100000006,-95.2991593,55889,45941,51988
Texas,Houston,77012,29.7083736,-95.2819708,60066,52237,48075
Texas,Houston,77023,29.717069300000002,-95.32517469999999,42721,37785,32361
Texas,Houston,77004,29.729898100000003,-95.3610125,34376,20333,38536
Texas,Houston,77021,29.726556199999997,-95.367898,45140,31572,42210
Texas,Houston,77021,29.706532399999997,-95.35950859999998,61533,41471,56176
Texas,Houston,77021,29.688713899999996,-95.3478932,41928,44315,26561
Texas,Houston,77021,29.6919207,-95.3838935,65195,57421,48095
Texas,Houston,77054,29.687969899999995,-95.39745909999999,49708,40993,46050
Texas,Houston,77017,29.695816999999998,-95.2671816,57759,47364,51987
Texas,Houston,77034,29.6375273,-95.225317,51385,39263,36608
Texas,Houston,77017,29.712002299999998,-95.2487938,38997,28146,33367
Texas,Houston,77085,29.615567600000002,-95.4760199,69850,71688,34509
Texas,Houston,77045,29.6225436,-95.43046140000001,58685,50593,35825
Texas,Houston,77047,29.610528499999997,-95.40316059999999,58454,49999,36980
Texas,Houston,77051,29.6465413,-95.3784722,42962,30282,39922
Texas,Houston,77056,29.6283281,-95.34815520000001,53391,45189,33698
Texas,Houston,77033,29.652232300000005,-95.34723170000001,26217,27001,10756
Texas,Houston,77033,29.680536600000003,-95.3300429,43475,33094,29191
Texas,Houston,77087,29.6749892,-95.3068102,38369,300000,19546
Texas,Houston,77087,29.690417999999998,-95.29047390000001,41181,27792,34793
Texas,Houston,77061,29.6589549,-95.29920290000001,90413,67956,69153
Texas,Houston,77089,29.620007300000005,-95.2352238,58861,300000,33450
Texas,Houston,77054,29.654509700000002,-95.41372059999999,47458,300000,51886
Texas,Houston,77059,29.605609299999998,-95.0982475,116481,300000,67477
Texas,Houston,77062,29.566282799999996,-95.121626,58700,53561,54095
Texas,Houston,77062,29.581493,-95.143819,79667,77988,42604
Texas,Houston,77058,29.5532602,-95.1036531,64626,61289,45204
Texas,Houston,77089,29.582880199999998,-95.2248555,101429,102388,53155
Texas,Houston,77019,29.757472600000003,-95.38002209999999,70898,55778,61419
Texas,Houston,77098,29.7475136,-95.40639250000001,153986,172493,91433
Texas,Houston,77006,29.7417855,-95.3898541,79846,43092,74111
Texas,Houston,77006,29.7328602,-95.39805059999999,79333,61663,62382
Texas,Houston,77056,29.7489303,-95.4524962,77297,300000,62609
Texas,Houston,77098,29.7349838,-95.42862159999999,61311,54945,38287
Texas,Houston,77098,29.727836199999995,-95.3977225,97836,300000,77863
Texas,Houston,77030,29.706939600000002,-95.4118215,121104,102799,79161
Texas,Houston,77005,29.7086859,-95.43548349999999,203870,300000,66343
Texas,Houston,77025,29.683819500000002,-95.4501905,68654,58056,54936
Texas,Houston,77025,29.701319800000004,-95.4201715,78990,68222,63119
Texas,Houston,77025,29.6681835,-95.4445542,74215,62022,53424
Texas,Houston,77235,29.6611026,-95.47013000000001,84907,70589,59599
Texas,Houston,77081,29.701624100000004,-95.48445290000001,24466,21377,14306
Texas,Houston,77096,29.6838122,-95.48051729999999,144246,133447,83674
Texas,Houston,77035,29.6482654,-95.4870792,84071,71137,55132
Texas,Houston,77096,29.661363899999998,-95.504811,53455,50028,26864
Texas,Houston,77096,29.671785800000002,-95.5002871,84823,77353,63258
Texas,Houston,77074,29.690028499999997,-95.51778900000001,67527,62806,61878
Texas,Houston,77036,29.6647245,-95.54945550000001,28465,20792,21551
Texas,Houston,77071,29.660619399999995,-95.51825290000001,51964,33782,60159
Texas,Houston,77071,29.6337805,-95.5209615,71942,49561,58203
Texas,Houston,77080,29.7726912,-95.4980795,194147,216433,74605
Texas,Houston,77024,29.776069399999997,-95.552943,138815,121530,80755
Texas,Houston,77063,29.7441598,-95.5356583,130142,300000,60205
Texas,Houston,77057,29.7438339,-95.5055145,73453,59601,55603
Texas,Houston,77057,29.7438971,-95.4798223,108633,91490,70023
Texas,Houston,77056,29.758051300000005,-95.46785320000001,160435,193610,93075
Texas,Houston,77056,29.734688199999997,-95.4789005,44405,38472,32871
Texas,Houston,77063,29.732962199999996,-95.5301033,46966,37585,34030
Texas,Houston,77063,29.724617699999996,-95.52989240000001,58584,37723,59472
Texas,Houston,77099,29.717896399999997,-95.5082117,55371,44924,47136
Texas,Houston,77036,29.715763300000003,-95.5485575,18952,17340,11161
Texas,Houston,77036,29.698388199999997,-95.5483849,53699,47747,40536
Texas,Houston,77099,29.683565,-95.5498094,29964,23039,31492
Texas,Houston,77031,29.643312899999994,-95.5481537,40968,34434,43733
Texas,Houston,77079,29.7775522,-95.5982738,105862,300000,66287
Texas,Houston,77079,29.766769099999998,-95.5829153,165144,300000,73765
Texas,Houston,77042,29.7420701,-95.5651151,122849,300000,78397
Texas,Houston,77077,29.756015500000004,-95.58075529999999,95606,67793,82299
Texas,Houston,77077,29.750367200000003,-95.6123667,81614,57705,69473
Texas,Houston,77077,29.745562699999997,-95.6353656,112677,91747,75234
Texas,Houston,77082,29.722453,-95.5986977,122506,115460,76065
Texas,Houston,77042,29.7322537,-95.5646417,38368,32001,25013
Texas,Houston,77072,29.709036800000003,-95.6009615,52226,300000,31062
Texas,Houston,77083,29.696135899999998,-95.60948940000002,40563,36189,27651
Texas,Houston,77072,29.6820227,-95.5644838,49254,36184,41917
Texas,Houston,77099,29.669761100000002,-95.5851314,64504,47965,61970
Texas,Houston,77099,29.681689000000002,-95.5787734,50320,41554,42558
Texas,Houston,77083,29.6833279,-95.6268267,38739,42825,21058
Texas,Houston,77082,29.721904499999997,-95.6521079,66389,62487,42705
Texas,Houston,77007,29.7704274,-95.3712073,108695,86219,77639
Texas,Houston,77007,29.784318,-95.39242390000001,110213,99494,69825
Texas,Houston,77007,29.771382899999995,-95.4386021,137912,148849,73224
Texas,Houston,77008,29.794393,-95.432404,117640,103494,79076
Texas,Houston,77008,29.797261300000002,-95.4054495,82321,300000,67307
Texas,Houston,77008,29.808541100000003,-95.3966088,77638,300000,53519
Texas,Houston,77055,29.789358,-95.476561,124196,300000,74313
Texas,Houston,77092,29.822533,-95.4807585,42931,300000,30452
Texas,Houston,77055,29.799322399999998,-95.49673759999999,87017,82176,65742
Texas,Houston,77080,29.826334600000003,-95.5030621,37936,29235,24352
Texas,Houston,77040,29.8538289,-95.5249231,32408,25490,26562
Texas,Houston,77080,29.826102000000002,-95.5338208,67726,47516,59055
Texas,Houston,77055,29.7902459,-95.5268985,85997,61242,74742
Texas,Houston,77055,29.7900174,-95.5012509,145864,300000,83907
Texas,Houston,77018,29.8161831,-95.424873,87509,61078,74041
Texas,Houston,77018,29.831309499999996,-95.4051974,38684,24853,39244
Texas,Houston,77018,29.8251751,-95.4199886,117541,112576,70686
Texas,Houston,77092,29.830203100000002,-95.47099509999998,74178,64486,55495
Texas,Houston,77021,32.654336,-96.91941690000002,59585,49533,45841
Texas,Houston,77088,29.8529494,-95.4499189,38335,34336,24989
Texas,Houston,77092,29.8447655,-95.47932159999999,74270,300000,48610
Texas,Houston,77088,29.8765275,-95.4814196,59246,46573,42128
Texas,Houston,77088,29.876449400000002,-95.4563662,65266,62456,35716
Texas,Houston,77038,29.8931002,-95.4423023,47728,40617,33423
Texas,Houston,77038,29.9187465,-95.4384417,57281,43032,45750
Texas,Houston,77086,29.9303913,-95.5011574,27228,21441,27323
Texas,Houston,77040,29.8893712,-95.53668090000001,84631,75081,54782
Texas,Houston,77084,29.851595500000002,-95.640867,49026,300000,29932
Texas,Houston,77041,29.857097999999997,-95.6131462,74589,63897,55688
Texas,Houston,77095,29.914612899999995,-95.6418468,51475,41168,44467
Texas,Houston,77095,29.888776399999998,-95.6603448,101922,89154,69189
Texas,Houston,77084,29.857910999999998,-95.656633,91327,75704,60959
Texas,Houston,77084,29.8060703,-95.6603613,58856,46416,38848
Texas,Houston,77084,29.816115999999997,-95.7090108,48341,300000,27001
Texas,Houston,77090,29.984194300000002,-95.42657059999999,37043,29351,32283
Texas,Houston,77014,29.971241,-95.44650990000001,42716,34053,23646
Texas,Houston,77067,29.9578566,-95.47131040000001,69877,300000,34983
Texas,Houston,77014,29.9785776,-95.48476590000001,40174,20705,44117
Texas,Houston,77066,29.950261600000005,-95.5079947,108092,99799,53844
Texas,Houston,77064,29.912351300000005,-95.5766333,85124,300000,49776
Texas,Houston,77040,29.886293199999997,-95.5645662,130755,300000,78703
Texas,Houston,77095,29.9234939,-95.6188028,77957,64087,58124
Texas,Houston,77070,29.9754278,-95.57706359999999,71506,65430,47507
Texas,Houston,77069,29.992982300000005,-95.514825,161109,300000,75170
Texas,Houston,77090,30.018324699999997,-95.4642559,110688,300000,59132
Texas,Houston,77060,30.475977,-95.53893609999999,84781,78796,60486
Texas,Houston,77053,29.592965600000003,-95.4759525,55197,50944,36287
Texas,Houston,77083,29.685643900000002,-95.65472120000001,71084,66091,40638
Texas,Houston,77026,29.7970912,-95.3321489,30606,26540,22343
Texas,Houston,77020,29.7863474,-95.2850878,39396,30242,34792
Texas,Houston,77093,29.8488405,-95.3376376,40303,33533,36078
Texas,Houston,77093,29.8818669,-95.3491022,41560,38784,29453
Texas,Houston,77060,29.935753000000002,-95.3977445,29082,22610,22007
Texas,Houston,77016,29.8305778,-95.32520699999999,37214,32590,30350
Texas,Houston,77016,29.8638818,-95.2872193,47465,37672,34852
Texas,Houston,77044,29.859624600000004,-95.20435,71919,62643,41980
Texas,Houston,77015,29.7971928,-95.1825542,52681,40312,40899
Texas,Houston,77029,29.7564963,-95.260864,37779,30743,34580
Texas,Houston,77073,29.9802287,-95.40591040000001,61066,56925,36500
Texas,Houston,77049,29.8850976,-95.1385243,81103,300000,56698
Texas,Houston,77023,29.7364559,-95.3359747,51488,40914,42292
Texas,Houston,77012,29.709721299999998,-95.2945292,48055,42067,37637
Texas,Houston,77004,29.737863300000004,-95.36041340000001,42765,21692,48250
Texas,Houston,77021,29.7045424,-95.3355622,50914,39188,48931
Texas,Houston,77054,29.6899391,-95.4055767,68207,54932,59469
Texas,Houston,77034,29.621193599999998,-95.2100853,65665,58367,39852
Texas,Houston,77053,29.597857799999996,-95.4428953,47992,40192,38125
Texas,Houston,77048,29.6434456,-95.33224190000001,44803,35794,36687
Texas,Houston,77087,29.6850663,-95.3139365,36927,26827,32606
Texas,Houston,77075,29.635007199999997,-95.2943137,53943,41986,45272
Texas,Houston,77059,29.614869399999996,-95.1253198,140765,145841,67052
Texas,Houston,77062,29.551025,-95.14122459999999,66898,51569,49043
Texas,Houston,77089,29.595090999999996,-95.2324542,76351,69230,49227
Texas,Houston,77019,29.7565001,-95.3917909,124184,113784,73463
Texas,Houston,77098,29.737788899999998,-95.41770059999999,111206,90199,81770
Texas,Houston,77098,29.727836199999995,-95.3977225,123193,115523,86675
Texas,Houston,77025,29.683819500000002,-95.4501905,78207,54339,66220
Texas,Houston,77035,29.6485897,-95.4713124,31248,24011,29267
Texas,Houston,77035,29.6482654,-95.4870792,72986,55762,54805
Texas,Houston,77074,29.690028499999997,-95.51778900000001,52371,35895,46584
Texas,Houston,77031,29.6509447,-95.5411795,92032,76603,61432
Texas,Houston,77024,29.7579315,-95.5432079,125140,94288,89192
Texas,Houston,77057,29.7557651,-95.48123309999998,92297,69616,71591
Texas,Houston,77063,29.732962199999996,-95.5301033,62092,49025,51675
Texas,Houston,77036,29.710716100000003,-95.5306011,43623,33249,44058
Texas,Houston,77099,29.6802821,-95.5557018,26295,23288,19336
Texas,Houston,77077,29.759843100000005,-95.567942,66806,46765,57962
Texas,Houston,77077,29.741564299999997,-95.62143,82267,61265,64645
Texas,Houston,77042,29.7322537,-95.5646417,42258,31049,32709
Texas,Houston,77072,29.696659000000004,-95.580959,53092,45194,41114
Texas,Houston,77099,29.681689000000002,-95.5787734,41831,30674,36187
Texas,Houston,77092,29.798669399999994,-95.4435717,99535,75950,70856
Texas,Houston,77055,29.789358,-95.476561,105820,71037,90564
Texas,Houston,77080,29.81656,-95.5118968,48583,38137,40485
Texas,Houston,77080,29.800453000000005,-95.53788929999999,47953,29748,43894
Texas,Houston,77099,29.8372599,-95.3952684,37982,32645,30878
Texas,Houston,77092,29.836908299999997,-95.476414,75564,66935,53985
Texas,Houston,77088,29.874657199999998,-95.42279429999999,33460,25619,30193
Texas,Houston,77086,29.906432199999998,-95.483956,36017,29053,28170
Texas,Houston,77084,29.846030699999996,-95.63239370000001,85337,73551,51454
Texas,Houston,77095,29.900700800000003,-95.65185749999999,101898,91113,66802
Texas,Houston,77084,29.7964079,-95.7030214,76912,58218,59977
Texas,Houston,77067,29.959133899999998,-95.4272124,32115,24937,28909
Texas,Houston,77066,29.9509869,-95.47610290000001,51015,42556,39390
Texas,Houston,77064,29.9018874,-95.5603739,127230,127325,64488
Texas,Houston,77068,30.0121778,-95.48094640000001,107641,90546,74971
Texas,Houston,77060,30.475977,-95.53893609999999,74956,53516,63870
Texas,Houston,77060,32.629866899999996,-96.7788431,82127,56659,71873
Texas,San Antonio,78232,29.599214,-98.48554200000001,102646,82298,71145
Texas,San Antonio,78207,29.417071000000004,-98.5090798,18099,10357,20968
Texas,San Antonio,78218,29.504533399999996,-98.40762109999999,40756,31613,34729
Texas,San Antonio,78253,29.480109499999998,-98.8674272,89970,76712,65863
Texas,San Antonio,78217,29.567625399999997,-98.3987467,67442,59878,42893
Texas,San Antonio,78217,29.525995799999997,-98.40042840000001,44050,38572,34485
Texas,San Antonio,78233,29.571575,-98.3539705,62392,53163,42646
Texas,San Antonio,78259,29.637162699999998,-98.4432638,120845,116503,68314
Texas,San Antonio,78220,29.405524,-98.44057540000001,28268,22606,22563
Texas,San Antonio,78222,29.372435100000004,-98.37350409999999,65718,57787,51552
Texas,San Antonio,78244,29.502339799999998,-98.3266449,85062,71104,58551
Texas,San Antonio,78210,29.406408600000002,-98.4787846,47431,37130,44660
Texas,San Antonio,78223,29.3580352,-98.4555776,34441,24247,30741
Texas,San Antonio,78263,29.328909799999998,-98.31289770000001,68362,55447,53675
Texas,San Antonio,78221,29.3625271,-98.5102428,36625,26740,32443
Texas,San Antonio,78252,29.284568699999998,-98.53274959999999,50128,36547,47782
Texas,San Antonio,78237,29.411372600000004,-98.5537035,30033,22871,23868
Texas,San Antonio,78252,29.345341499999996,-98.59355390000002,34962,29929,26631
Texas,San Antonio,78228,29.4519549,-98.5500507,43844,35186,35431
Texas,San Antonio,78228,29.443,-98.5819942,37294,32564,26735
Texas,San Antonio,78250,29.480369699999997,-98.6827323,99397,94866,55791
Texas,San Antonio,78252,29.413695299999997,-98.69091759999999,70611,63390,34626
Texas,San Antonio,78201,29.4595016,-98.5380224,61218,45141,54461
Texas,San Antonio,78238,29.484899699999996,-98.5838636,53721,46148,41339
Texas,San Antonio,78213,29.502386699999995,-98.55405,34769,29160,29467
Texas,San Antonio,78240,29.5058719,-98.5936735,46456,37348,37003
Texas,San Antonio,78250,29.492093,-98.6472728,68159,62022,48084
Texas,San Antonio,78254,29.531275800000003,-98.6945975,85489,81129,45941
Texas,San Antonio,78249,29.575382300000005,-98.58921,61578,55359,47433
Texas,San Antonio,78249,29.5649135,-98.6392329,81888,76467,52318
Texas,San Antonio,78006,29.669730199999997,-98.73575770000001,120859,112341,71083
Texas,San Antonio,78212,29.473431,-98.50358979999999,48240,42865,36939
Texas,San Antonio,78213,29.5289945,-98.524136,119001,102522,80159
Texas,San Antonio,78216,29.5551413,-98.50823079999999,41885,35437,34823
Texas,San Antonio,78258,29.629557600000002,-98.50856879999999,119962,116393,72954
Texas,San Antonio,78227,29.3724905,-98.66601700000001,51006,47450,25994
Texas,San Antonio,78207,29.429211,-98.50783740000001,17530,11692,15101
Texas,San Antonio,78234,29.460210399999998,-98.4358282,70206,62395,42084
Texas,San Antonio,78209,29.4761145,-98.4467416,107578,300000,93245
Texas,San Antonio,78234,29.483446999999998,-98.4137358,46251,46222,27151
Texas,San Antonio,78209,29.4891093,-98.44660340000001,71993,58759,60633
Texas,San Antonio,78209,29.5041471,-98.4725673,83526,65777,70425
Texas,San Antonio,78217,29.522015399999997,-98.43737,68695,52109,69091
Texas,San Antonio,78217,29.532220399999996,-98.4454653,74919,300000,48907
Texas,San Antonio,78217,29.567625399999997,-98.3987467,81136,75702,46271
Texas,San Antonio,78232,29.583661100000004,-98.4651552,83920,74753,60679
Texas,San Antonio,78247,29.560305600000003,-98.4519095,77717,67513,57611
Texas,San Antonio,78217,29.525995799999997,-98.40042840000001,37222,23473,33435
Texas,San Antonio,78233,29.5538361,-98.391607,93788,300000,61593
Texas,San Antonio,78218,29.4937148,-98.37213320000001,59834,53579,32609
Texas,San Antonio,78239,29.5140315,-98.34281690000002,40610,23409,37461
Texas,San Antonio,78233,29.556471000000002,-98.33652990000002,74059,300000,29837
Texas,San Antonio,78247,29.584303499999997,-98.3897143,72995,70330,32273
Texas,San Antonio,78247,29.590248499999998,-98.36723070000001,109285,300000,63172
Texas,San Antonio,78203,29.4158239,-98.4673756,52314,32039,51401
Texas,San Antonio,78220,29.405524,-98.44057540000001,34941,28505,24639
Texas,San Antonio,78202,29.430322399999998,-98.45219959999999,23651,23601,20704
Texas,San Antonio,78220,29.417410600000004,-98.4069528,30647,23359,22631
Texas,San Antonio,78220,29.3925287,-98.3976101,36209,30417,26542
Texas,San Antonio,78219,29.446661100000004,-98.3873926,62739,53020,49577
Texas,San Antonio,78244,29.4694965,-98.3518021,43753,47979,28818
Texas,San Antonio,78210,29.396212899999995,-98.48108990000001,41484,34420,40833
Texas,San Antonio,78222,29.3964053,-98.4549963,38050,33412,24749
Texas,San Antonio,78210,29.387521999999997,-98.46098190000001,34723,25695,23572
Texas,San Antonio,78223,29.3709842,-98.457346,35232,29434,27888
Texas,San Antonio,78223,29.380257099999998,-98.4395548,40528,28211,36947
Texas,San Antonio,78223,29.3667835,-98.4257028,76727,72546,52289
Texas,San Antonio,78263,29.328909799999998,-98.31289770000001,85048,300000,57696
Texas,San Antonio,78214,29.388223999999997,-98.5018518,30246,16946,29154
Texas,San Antonio,78211,29.3717614,-98.5254764,42511,34456,28462
Texas,San Antonio,78214,29.3750575,-98.4959557,44417,300000,26337
Texas,San Antonio,78221,29.3625271,-98.5102428,26137,19690,24451
Texas,San Antonio,78224,29.340096999999997,-98.542575,35569,25164,38316
Texas,San Antonio,78221,29.3491456,-98.5099698,36814,32407,30139
Texas,San Antonio,78221,29.3411913,-98.49379240000002,49811,58819,29060
Texas,San Antonio,78221,29.209827500000003,-98.5374532,47993,43795,30295
Texas,San Antonio,78207,29.4088381,-98.5217808,33835,25505,26802
Texas,San Antonio,78225,29.3912299,-98.52639909999999,41289,26630,42750
Texas,San Antonio,78207,29.4027445,-98.5393755,48373,30656,52735
Texas,San Antonio,78226,29.396251300000003,-98.55695659999999,24210,17314,20664
Texas,San Antonio,78252,29.3269538,-98.57628829999999,52219,47445,30953
Texas,San Antonio,78252,29.3428267,-98.60672209999998,38789,39915,24875
Texas,San Antonio,78242,29.355834499999997,-98.6267718,59655,49577,49905
Texas,San Antonio,78252,29.334986800000003,-98.6579687,45080,34187,33821
Texas,San Antonio,78252,29.251521500000003,-98.69990370000001,59370,44226,49599
Texas,San Antonio,78207,29.4216623,-98.5208934,38130,29366,26051
Texas,San Antonio,78207,29.440971100000002,-98.53118620000001,31024,27859,24004
Texas,San Antonio,78201,29.4492455,-98.5273406,25451,22302,16823
Texas,San Antonio,78237,29.422806400000002,-98.5483304,30998,22249,28237
Texas,San Antonio,78237,29.4370603,-98.56546309999999,33191,24954,29124
Texas,San Antonio,78227,29.441304,-98.59393490000001,33456,26421,25592
Texas,San Antonio,78227,29.4183531,-98.6198536,39112,34275,27567
Texas,San Antonio,78227,29.435622100000003,-98.62600479999999,36116,37949,20880
Texas,San Antonio,78245,29.434723100000003,-98.6572142,33555,31616,12604
Texas,San Antonio,78245,29.423737899999995,-98.67176740000001,47747,36219,39634
Texas,San Antonio,78251,29.443250899999995,-98.69890759999998,74883,69580,39973
Texas,San Antonio,78252,29.3954778,-98.70008929999999,61053,63515,39450
Texas,San Antonio,78251,29.4698195,-98.6556184,97762,83038,62979
Texas,San Antonio,78253,29.4593868,-98.79356290000001,106007,300000,51745
Texas,San Antonio,78201,29.4595016,-98.5380224,67829,51853,63290
Texas,San Antonio,78201,29.4742577,-98.5421228,31188,32263,21474
Texas,San Antonio,78228,29.4702079,-98.5896328,63084,51772,42855
Texas,San Antonio,78201,29.4777796,-98.5562676,83909,300000,53761
Texas,San Antonio,78229,29.493630300000003,-98.58444759999999,54474,48900,36275
Texas,San Antonio,78213,29.4968392,-98.54035479999999,35875,33824,26529
Texas,San Antonio,78229,29.5222771,-98.5610516,40096,35811,29063
Texas,San Antonio,78230,29.526379100000003,-98.5502751,97564,70343,80234
Texas,San Antonio,78230,29.542323600000003,-98.5638293,62577,57598,42471
Texas,San Antonio,78240,29.528642200000004,-98.5882052,33975,25692,28149
Texas,San Antonio,78240,29.4999762,-98.6050448,61980,56827,37603
Texas,San Antonio,78254,29.527151500000002,-98.6523463,54528,47674,41190
Texas,San Antonio,78250,29.5120429,-98.64946479999999,85963,300000,44503
Texas,San Antonio,78250,29.499427500000003,-98.6859053,53379,300000,37042
Texas,San Antonio,78249,29.540100800000005,-98.663602,113671,104134,57276
Texas,San Antonio,78254,29.5087582,-98.7127433,78674,300000,45673
Texas,San Antonio,78249,29.550390500000002,-98.6227123,39022,34723,24089
Texas,San Antonio,78230,29.546934499999995,-98.59378199999999,106233,300000,55040
Texas,San Antonio,78249,29.5652342,-98.6121958,64172,51699,49212
Texas,San Antonio,78249,29.5649135,-98.6392329,71218,68469,42243
Texas,San Antonio,78257,29.6458028,-98.64512979999999,130521,119312,68653
Texas,San Antonio,78201,29.448124199999995,-98.50709599999999,44450,37347,35722
Texas,San Antonio,78201,29.4603679,-98.51988859999999,39246,34484,30043
Texas,San Antonio,78201,29.4721189,-98.5216808,42223,30810,33015
Texas,San Antonio,78201,29.4749184,-98.48664140000001,151032,154851,85252
Texas,San Antonio,78213,29.501823499999997,-98.5199757,45052,30551,44423
Texas,San Antonio,78213,29.4864516,-98.5168594,31877,20075,28015
Texas,San Antonio,78216,29.540982,-98.5005922,58179,28209,65156
Texas,San Antonio,78231,29.5758462,-98.5386156,90040,83420,66667
Texas,San Antonio,78213,29.5431098,-98.5208733,39579,30804,34217
Texas,San Antonio,78249,29.574561,-98.5700983,84285,76142,55953
Texas,San Antonio,78232,29.5819992,-98.4856635,129867,300000,81068
Texas,San Antonio,78258,29.616200300000003,-98.5358141,160215,174291,81904
Texas,San Antonio,78258,29.6551647,-98.48776099999999,174865,300000,78674
Texas,San Antonio,78258,29.623079600000004,-98.4802165,89510,72240,63316
Texas,San Antonio,78209,29.4600082,-98.4694662,66269,43049,58456
New York,New York,10016,40.641524,-73.9416243,76190,68128,48883
New York,New York,10028,40.654339,-73.92384659999999,64710,35461,63334
New York,New York,10004,40.6903066,-74.017891,0,0,0
New York,New York,10004,40.7038083,-74.00501949999999,0,0,0
New York,New York,10004,40.6986408,-74.00589699999999,0,0,0
New York,New York,10002,40.7159065,-73.9820936,100415,91469,69551
New York,New York,10038,40.7075653,-74.00139909999999,63514,49704,51021
New York,New York,10002,40.715956799999994,-73.993266,71282,300000,67597
New York,New York,10002,40.718356899999996,-73.9702209,23418,17698,21316
New York,New York,10009,40.722161799999995,-73.96825009999999,51338,23603,66358
New York,New York,10038,40.712550799999995,-73.99901209999999,85653,58285,78655
New York,New York,10002,40.721005700000006,-73.98683869999999,94331,77632,58968
New York,New York,10009,40.7255579,-73.9837166,88972,84698,51930
New York,New York,10002,40.7223222,-73.9911397,36693,16069,44487
New York,New York,10003,40.7273669,-73.9884656,80209,300000,50737
New York,New York,10028,40.7204981,-74.0122662,187377,220441,84528
New York,New York,10013,40.7191639,-73.9966958,82485,54857,83968
New York,New York,10009,40.727842100000004,-73.9715756,64562,64591,41792
New York,New York,10003,40.7338561,-73.9837297,154075,300000,83996
New York,New York,10003,40.7361115,-73.98721379999999,161984,300000,81382
New York,New York,10003,40.72767329999999,-73.99708299999999,157104,300000,77725
New York,New York,10010,40.7431498,-73.9905172,147114,151229,89018
New York,New York,10011,40.7337076,-73.9923293,121655,100393,77632
New York,New York,10011,40.734421399999995,-73.9968603,116723,111122,85044
New York,New York,10014,40.7299685,-73.9995774,104474,96567,81907
New York,New York,10010,40.7400705,-73.9792317,82536,50897,70049
New York,New York,10010,40.7404366,-73.9840803,119132,300000,68428
New York,New York,10011,40.7354477,-73.99991390000001,142518,151877,83492
New York,New York,10016,40.744865600000004,-73.9808585,82626,300000,55427
New York,New York,10014,40.7343782,-74.0151997,0,0,0
New York,New York,10011,40.7380851,-74.00329659999998,131384,300000,70352
New York,New York,10011,40.7397795,-74.0144915,82593,67870,76259
New York,New York,10011,40.73980529999999,-73.9987713,114127,113208,81958
New York,New York,10036,40.7519695,-73.9840942,0,0,0
New York,New York,10016,40.7494997,-73.9723847,139350,300000,73807
New York,New York,10016,40.752658600000004,-73.9700939,125592,112803,78602
New York,New York,10001,40.7471119,-74.0008752,52434,40262,51644
New York,New York,10036,40.756374799999996,-73.98088609999999,130453,132578,71784
New York,New York,10065,40.755788,-73.9677745,142422,118775,79232
New York,New York,10021,40.7562006,-73.95849890000001,0,0,0
New York,New York,10021,40.7600894,-73.9582412,149784,118963,81984
New York,New York,10065,40.7621475,-73.9631394,137288,115388,94722
New York,New York,10065,40.761244399999995,-73.9689142,133219,123001,89800
New York,New York,10021,40.7625331,-73.9557917,105300,300000,60088
New York,New York,10021,40.76527479999999,-73.96085529999999,137483,97826,92299
New York,New York,10036,40.7597092,-73.99170040000001,54560,30117,57174
New York,New York,10021,40.7684666,-73.9585262,134065,111279,82219
New York,New York,10019,40.762237,-73.989856,92844,69242,72536
New York,New York,10019,40.7650037,-73.999997,138381,135115,90492
New York,New York,10021,40.7693334,-73.9500351,134000,300000,78677
New York,New York,10021,40.77170170000001,-73.9561658,123837,300000,80368
New York,New York,10019,40.7717078,-73.9993718,91179,65516,80013
New York,New York,10021,40.7725278,-73.9480644,129814,115004,90131
New York,New York,10028,40.7749216,-73.953815,84766,300000,51187
New York,New York,10019,40.7672922,-73.98617109999999,96825,95996,66534
New York,New York,10028,40.7772742,-73.96142569999999,133076,87250,92589
New York,New York,10128,40.7762431,-73.9453168,134964,129437,89137
New York,New York,10028,40.7771918,-73.952161,161104,173131,82087
New York,New York,10028,40.7788416,-73.9560743,148569,126310,83744
New York,New York,10023,40.7723544,-73.9824833,148419,160021,87904
New York,New York,10022,40.7753625,-73.99210140000001,19366,17622,12131
New York,New York,10023,40.7748578,-73.9806658,132127,115084,90053
New York,New York,10128,40.7813494,-73.9491245,83504,91513,51964
New York,New York,10023,40.7798937,-73.9935495,135355,117966,73861
New York,New York,10024,40.7774175,-73.9787896,127309,300000,69908
New York,New York,10128,40.786524299999996,-73.95046500000001,119982,109311,79934
New York,New York,10128,40.7856349,-73.9553223,172032,198814,83057
New York,New York,10027,40.779949200000004,-73.9771934,119448,128764,65220
New York,New York,10024,40.7849584,-73.98982629999999,110510,107159,77008
New York,New York,10027,40.782357700000006,-73.97499870000001,142053,140944,91643
New York,New York,10024,40.7861484,-73.9838791,160871,300000,90144
New York,New York,10024,40.7851959,-73.9731196,141320,128719,82301
New York,New York,10024,40.7890396,-73.9823769,95369,70954,81862
New York,New York,10029,40.793827,-73.9451333,83640,58119,62762
New York,New York,10029,40.7948875,-73.948576,88217,47120,90166
New York,New York,10025,40.7903083,-73.9693891,108996,300000,77505
New York,New York,10029,40.7935107,-73.9326073,36845,28933,34678
New York,New York,10029,40.7944017,-73.939595,28636,22936,30399
New York,New York,10029,40.7983211,-73.9418511,58643,53287,48956
New York,New York,10025,40.796786299999994,-73.9769266,95771,46896,84242
New York,New York,10026,40.799106,-73.9497088,34112,25997,30108
New York,New York,10035,40.7975948,-73.9372599,48344,25408,49164
New York,New York,10026,40.801961600000006,-73.94761940000001,82679,60981,77520
New York,New York,10035,40.7987751,-73.9294062,33676,21536,35126
New York,New York,10035,40.800465100000004,-73.935186,40126,42776,21330
New York,New York,10035,40.8028054,-73.9385762,51209,14462,71476
New York,New York,10025,40.806543,-73.9687765,80352,61453,73485
New York,New York,10027,40.808669,-73.9615617,0,0,0
New York,New York,10037,40.8096485,-73.942008,77969,59902,65268
New York,New York,10027,40.8159057,-73.9631154,76681,54599,60561
New York,New York,10037,40.8137612,-73.939001,65602,61680,45688
New York,New York,10026,40.8006768,-73.954388,67303,300000,65214
New York,New York,10027,40.8185701,-73.9603228,37351,21449,39467
New York,New York,10030,40.8186544,-73.94618620000001,85783,67666,73925
New York,New York,10027,40.8111222,-73.9469598,45449,24132,51322
New York,New York,10030,40.8134305,-73.9448116,57616,39893,62647
New York,New York,10031,40.8270084,-73.9554483,0,0,0
New York,New York,10030,40.8184725,-73.9413896,54388,53165,41050
New York,New York,10031,40.831159899999996,-73.9569644,57107,47360,47856
New York,New York,10039,40.8242944,-73.9356565,33929,33393,28330
New York,New York,10032,40.8370145,-73.9539618,56061,17598,74303
New York,New York,10039,40.83168010000001,-73.9374382,0,0,0
New York,New York,10032,40.8366264,-73.942098,44185,34150,39987
New York,New York,10032,40.8428949,-73.93837909999999,30117,26665,19442
New York,New York,10033,40.8464959,-73.95028620000001,61606,56347,56992
New York,New York,10033,40.8457845,-73.9344552,58655,23374,80984
New York,New York,10033,40.8496217,-73.94013079999999,84165,66849,63017
New York,New York,10033,40.851943799999994,-73.934294,36864,32556,32302
New York,New York,10040,40.856358,-73.9451999,96225,76494,79999
New York,New York,10033,40.8558577,-73.9316272,70965,61615,49738
New York,New York,10040,40.861500799999995,-73.92804890000001,51653,43174,39238
New York,New York,10034,40.864311,-73.92393390000001,61939,49572,43974
New York,New York,10034,40.8675232,-73.92494040000001,64322,52455,50470
New York,New York,10034,40.8692197,-73.918653,82094,70546,58343
New York,New York,10282,40.7161398,-74.02030529999999,0,0,0
New York,New York,10004,40.7038083,-74.00501949999999,127951,119255,78081
New York,New York,10038,40.704907399999996,-74.002583,140637,135377,77587
New York,New York,10009,40.7243901,-73.97861590000001,81840,64474,72267
New York,New York,10002,40.7223222,-73.9911397,71001,43966,74504
New York,New York,10013,40.7205701,-73.9993912,144960,145427,91196
New York,New York,10003,40.729416,-73.9923912,151406,152561,83977
New York,New York,10014,40.7304513,-74.0041205,116566,87816,81193
New York,New York,10011,40.7380851,-74.00329659999998,133049,126377,81465
New York,New York,10036,40.756374799999996,-73.98088609999999,130453,132578,71784
New York,New York,10021,40.7600894,-73.9582412,131608,121985,82136
New York,New York,10065,40.7634831,-73.96727890000001,145059,157495,88007
New York,New York,10036,40.7598407,-73.9841752,144183,150751,87850
New York,New York,10019,40.7717078,-73.9993718,90737,66280,81527
New York,New York,10023,40.7698086,-73.984255,155052,171735,84650
New York,New York,10128,40.7776648,-73.9398735,106946,83913,89037
New York,New York,10128,40.7856349,-73.9553223,179011,206953,80064
New York,New York,10024,40.7851959,-73.9731196,117287,101852,78912
New York,New York,10025,40.7944258,-73.9789459,97464,76085,78152
New York,New York,10025,40.7973281,-73.96425079999999,58343,28763,66714
New York,New York,10035,40.804302500000006,-73.9423627,81404,64053,72005
New York,New York,10027,40.811557799999996,-73.95500320000001,38265,31540,32710
New York,New York,10027,40.8185701,-73.9603228,32743,19793,39432
New York,New York,10030,40.815929700000005,-73.9432453,59090,34280,60352
New York,New York,10031,40.8343381,-73.95519770000001,52643,36252,49833
New York,New York,10032,40.8406031,-73.9526748,55886,40073,54412
New York,New York,10033,40.8503283,-73.92864540000001,57553,38710,50166
New York,New York,10040,40.86667979999999,-73.9385861,62701,47446,51420
New York,New York,10282,40.7161398,-74.02030529999999,167241,187841,82921
New York,New York,10002,40.68513170000001,-73.9567616,73121,65713,64656
New York,New York,10003,40.6386227,-73.9567106,45033,34818,34883
Washington,Seattle,98125,47.7225472,-122.2818937,38873,28154,29112
Washington,Seattle,98133,47.7301879,-122.3518014,41492,32191,41597
Washington,Seattle,98125,47.719552,-122.33141499999999,87002,300000,49896
Washington,Seattle,98125,47.711249200000005,-122.2860821,100487,77774,71339
Washington,Seattle,98125,47.7071214,-122.32281940000001,31370,19408,30738
Washington,Seattle,98117,47.694632399999996,-122.3949744,102761,98874,59214
Washington,Seattle,98117,47.69652120000001,-122.36394879999999,80887,300000,55157
Washington,Seattle,98115,47.695331,-122.3108025,106357,99406,61618
Washington,Seattle,98115,47.6866812,-122.2878258,116075,94086,72561
Washington,Seattle,98103,47.6868671,-122.3311548,130890,300000,78238
Washington,Seattle,98117,47.6850958,-122.37404440000002,89050,75283,62440
Washington,Seattle,98107,47.6753292,-122.40228540000001,69974,47781,65733
Washington,Seattle,98107,47.6740646,-122.3617463,114731,106664,62975
Washington,Seattle,98115,47.679409299999996,-122.29552920000002,118745,104910,74860
Washington,Seattle,98115,47.669284399999995,-122.2581993,170900,192224,78813
Washington,Seattle,98115,47.6647406,-122.303595,28680,20131,26070
Washington,Seattle,98107,47.6660659,-122.3749544,82042,300000,53669
Washington,Seattle,98103,47.6571964,-122.35184550000001,107427,76758,66658
Washington,Seattle,98105,47.6595705,-122.3235185,37978,15236,47418
Washington,Seattle,98195,47.6540399,-122.3012544,0,0,0
Washington,Seattle,98199,47.6581015,-122.41377040000002,124295,300000,76596
Washington,Seattle,98119,47.635363299999995,-122.3802928,95428,72089,74883
Washington,Seattle,98119,47.6432313,-122.3527936,182122,300000,78899
Washington,Seattle,98112,47.63214,-122.2775439,136056,124800,92754
Washington,Seattle,98109,47.6286171,-122.33297659999998,96869,88935,63314
Washington,Seattle,98119,47.6343628,-122.36697140000001,109496,300000,74018
Washington,Seattle,98109,47.619453899999996,-122.3431175,84907,67137,74867
Washington,Seattle,98122,47.6187608,-122.3244188,51858,34055,50334
Washington,Seattle,98109,47.6191203,-122.29735159999998,119383,110355,70575
Washington,Seattle,98109,47.6143865,-122.30767220000001,95100,78962,66196
Washington,Seattle,98124,47.6058683,-122.33933529999999,115856,106025,72489
Washington,Seattle,98122,47.6134675,-122.3239419,76787,48532,70759
Washington,Seattle,98122,47.6073299,-122.2976324,109509,100779,70405
Washington,Seattle,98122,47.5984232,-122.3217544,45721,30120,46349
Washington,Seattle,98144,47.5881924,-122.30986709999999,60706,44364,53282
Washington,Seattle,98116,47.5731929,-122.41017450000001,97535,300000,64778
Washington,Seattle,98116,47.571954600000005,-122.383094,110812,87111,75702
Washington,Seattle,98108,47.5673069,-122.3043618,58283,37840,63549
Washington,Seattle,98118,47.555977,-122.2657498,106421,300000,63386
Washington,Seattle,98108,47.553203,-122.2956373,69097,46720,55128
Washington,Seattle,98116,47.5574406,-122.38554950000001,86246,73029,57433
Washington,Seattle,98126,47.5468041,-122.37303020000002,47728,24564,50270
Washington,Seattle,98108,47.540414,-122.29890970000001,71645,46153,51349
Washington,Seattle,98118,47.5379287,-122.26336129999999,87051,77552,58950
Washington,Seattle,98126,47.5297061,-122.36202800000001,58368,48294,39540
Washington,Seattle,98136,47.5282704,-122.38977679999999,122142,300000,71003
Washington,Seattle,98118,47.5154414,-122.253208,71623,73105,40631
Washington,Seattle,98146,47.5129291,-122.3806808,105614,300000,57036
Washington,Seattle,98125,47.7156893,-122.3018632,71778,52080,60219
Washington,Seattle,98125,47.6963619,-122.35448429999998,82898,67274,62870
Washington,Seattle,98126,47.512846,-122.36326809999998,72309,63063,46447
Washington,Seattle,98146,47.497828999999996,-122.34132340000002,39685,27122,40249
Washington,Seattle,98103,47.6868671,-122.3311548,125639,111754,78390
Washington,Seattle,98115,47.679409299999996,-122.29552920000002,112566,96248,78241
Washington,Seattle,98107,47.6660659,-122.3749544,83096,70897,58931
Washington,Seattle,98199,47.6581015,-122.41377040000002,111775,96476,70387
Washington,Seattle,98109,47.6286171,-122.33297659999998,97107,84173,65654
Washington,Seattle,98122,47.6183901,-122.31688600000001,77094,66520,58522
Washington,Seattle,98122,47.6134675,-122.3239419,63346,42100,61392
Washington,Seattle,98144,47.5881924,-122.30986709999999,61896,48107,57687
Washington,Seattle,98118,47.555977,-122.2657498,99369,85368,65621
Washington,Seattle,98108,47.5383594,-122.2862045,47899,28094,51251
Washington,Seattle,98118,47.520169700000004,-122.2828499,69658,60039,54538
Washington,Seattle,98126,47.512846,-122.36326809999998,74622,65411,47653
Washington,Seattle,98146,47.510647799999994,-122.4154213,0,0,0
Tennessee,Nashville,37204,36.119618,-86.767453,62867,54579,44883
Tennessee,Nashville,37207,36.234317299999994,-86.77321090000001,31324,22611,25187
Tennessee,Nashville,37216,36.225178799999995,-86.7223685,48795,38760,44858
Tennessee,Nashville,37207,36.2021377,-86.7609249,51667,300000,42059
Tennessee,Nashville,37216,36.1985224,-86.7337793,31239,16373,31404
Tennessee,Nashville,37216,36.2111455,-86.7293552,57220,48392,43379
Tennessee,Nashville,37206,36.1895941,-86.7439426,68563,300000,36610
Tennessee,Nashville,37207,36.1860309,-86.7643676,19624,13741,15967
Tennessee,Nashville,37207,36.1871076,-86.771986,41017,34631,36892
Tennessee,Nashville,37218,36.216840000000005,-86.8289333,19560,14210,20313
Tennessee,Nashville,37209,36.1602903,-86.8703634,49899,48481,24443
Tennessee,Nashville,37209,36.150313,-86.8286254,53222,34607,50765
Tennessee,Nashville,37208,36.1921561,-86.80773190000001,33759,27995,24516
Tennessee,Nashville,37203,36.1576629,-86.8057339,36155,23571,34154
Tennessee,Nashville,37214,36.2119359,-86.68901740000001,83903,76631,57658
Tennessee,Nashville,37207,36.1871076,-86.771986,41017,34631,36892
Tennessee,Nashville,37214,36.1523916,-86.6522734,38663,35338,35375
Tennessee,Nashville,37214,36.10458010000001,-86.6411995,51285,43730,29893
Tennessee,Nashville,37214,36.131022200000004,-86.64543259999999,64013,60316,45426
Tennessee,Nashville,37217,36.1353731,-86.71502629999999,37102,27852,28776
Tennessee,Nashville,37203,36.1384775,-86.78098100000001,44848,27424,46602
Tennessee,Nashville,37212,36.14578,-86.8050874,0,0,0
Tennessee,Nashville,37212,36.1350471,-86.8100171,47939,44640,37368
Tennessee,Nashville,37209,36.1446942,-86.84267320000001,107032,97723,74114
Tennessee,Nashville,37212,36.1286949,-86.7851322,67243,58127,68254
Tennessee,Nashville,37210,36.1133041,-86.72741459999999,41528,300000,21415
Tennessee,Nashville,37204,36.096089,-86.7761389,99322,300000,66249
Tennessee,Nashville,37215,36.1082519,-86.8268054,127076,129747,87589
Tennessee,Nashville,37205,36.121602200000005,-86.82926979999999,73783,65885,53105
Tennessee,Nashville,37205,36.0959282,-86.9016618,95253,71828,74285
Tennessee,Nashville,37221,36.0873434,-86.932609,58866,51062,43545
Tennessee,Nashville,37221,36.0521844,-86.94071540000002,125876,300000,62549
Tennessee,Nashville,37205,36.0978,-86.8605346,156379,167502,89862
Tennessee,Nashville,37215,36.0634424,-86.8302348,174808,300000,82758
Tennessee,Nashville,37210,36.1510966,-86.75970790000001,16246,11302,19591
Tennessee,Nashville,37211,36.0657785,-86.7267063,60043,300000,48137
Tennessee,Nashville,37211,36.069944799999995,-86.714069,42381,33151,32743
Tennessee,Nashville,37208,36.1773911,-86.79018719999999,77800,60495,66859
Tennessee,Nashville,37217,36.1068261,-86.702312,48056,37433,38050
Tennessee,Nashville,37212,36.14578,-86.8050874,39272,30112,40029
Tennessee,Nashville,37211,36.100636,-86.72688509999999,45676,36442,38046
Tennessee,Nashville,37205,36.1153364,-86.891379,105503,86243,74492
Tennessee,Nashville,37221,36.07577379999999,-86.95121999999999,76916,67403,45993
Tennessee,Nashville,37211,36.0753131,-86.7434574,71905,56582,55607
Tennessee,Nashville,37206,36.1710458,-86.76835809999999,23864,10177,40916
California,San Francisco,94133,37.8016201,-122.4156811,98645,82929,77710
California,San Francisco,94133,37.7993784,-122.4063879,54766,28524,67081
California,San Francisco,94109,37.798037,-122.42055990000001,120686,105824,84510
California,San Francisco,94108,37.7929713,-122.41273329999999,103341,56013,94813
California,San Francisco,94109,37.7879645,-122.41852730000001,58360,40560,52743
California,San Francisco,94102,37.7870223,-122.412097,35063,21830,34530
California,San Francisco,94123,37.802268299999994,-122.4391509,122229,110331,74461
California,San Francisco,94109,37.8019597,-122.4272491,117867,111048,78261
California,San Francisco,94123,37.7937795,-122.4247496,147619,144509,81302
California,San Francisco,94129,37.7887307,-122.4524293,149782,300000,93242
California,San Francisco,94115,37.7879139,-122.4302666,133389,141923,75434
California,San Francisco,94115,37.7850943,-122.43414640000002,52877,24968,60967
California,San Francisco,94115,37.7813045,-122.4373585,82037,63004,73788
California,San Francisco,94102,37.777154100000004,-122.42288070000001,85782,71513,66476
California,San Francisco,94117,37.7741958,-122.44778829999998,127804,300000,78645
California,San Francisco,94117,37.7713309,-122.4290133,111383,106285,68094
California,San Francisco,94114,37.7648873,-122.4394973,119299,300000,78740
California,San Francisco,94103,37.7794424,-122.41072520000002,55829,17195,72540
California,San Francisco,94107,37.7753304,-122.40227639999999,124686,120979,92008
California,San Francisco,94114,37.7649374,-122.42943390000002,101411,101910,70085
California,San Francisco,94114,37.7595626,-122.4303429,149956,151325,81083
California,San Francisco,94110,37.7518211,-122.4184134,60022,38568,58147
California,San Francisco,94114,37.7539709,-122.42981540000001,118223,85279,79232
California,San Francisco,94131,37.7450518,-122.4266975,109114,94516,81608
California,San Francisco,94131,37.7379539,-122.429097,141551,122940,84557
California,San Francisco,94110,37.760726899999995,-122.41251129999999,117065,120276,88900
California,San Francisco,94103,37.751201,-122.4139445,69979,60801,48531
California,San Francisco,94124,37.7326749,-122.39583490000001,116858,92794,80457
California,San Francisco,94124,37.7215916,-122.39009070000002,43642,25396,42230
California,San Francisco,94131,37.7437016,-122.4201487,83926,60668,77088
California,San Francisco,94112,37.7280629,-122.4372594,103187,83574,84934
California,San Francisco,94134,37.731586,-122.41214009999999,125098,300000,70504
California,San Francisco,94134,37.7234533,-122.4105033,89563,300000,67262
California,San Francisco,94112,37.719623799999994,-122.44316,84170,57986,74176
California,San Francisco,94112,37.713868700000006,-122.43953619999999,77925,61888,64811
California,San Francisco,94134,37.716486700000004,-122.4032486,82263,300000,59372
California,San Francisco,94131,37.759448299999995,-122.45792240000002,110269,300000,62123
California,San Francisco,94122,37.756941299999994,-122.46922849999999,111969,109102,73323
California,San Francisco,94131,37.752383200000004,-122.4517871,116164,113675,77991
California,San Francisco,94127,37.7391909,-122.46786570000002,134649,300000,75047
California,San Francisco,94127,37.7283132,-122.4682662,132148,133623,71072
California,San Francisco,94112,37.7217815,-122.4573371,80840,60569,63404
California,San Francisco,94132,37.713396100000004,-122.4670977,84239,67378,65291
California,San Francisco,94122,37.7588987,-122.4825797,100845,76565,73850
California,San Francisco,94116,37.746019,-122.48043559999999,82738,60686,69109
California,San Francisco,94116,37.7526804,-122.49064640000002,91495,80319,79592
California,San Francisco,94132,37.7322021,-122.4872361,117792,118409,75495
California,San Francisco,94122,37.75762879999999,-122.49915179999999,129992,134953,74666
California,San Francisco,94122,37.761399499999996,-122.5061469,86178,77456,67770
California,San Francisco,94116,37.742112299999995,-122.5072288,87907,76810,62606
California,San Francisco,94118,37.78433029999999,-122.4683869,75731,63551,64992
California,San Francisco,94121,37.7880433,-122.4885865,140696,131522,86724
California,San Francisco,94118,37.7771205,-122.468001,95726,84648,75115
California,San Francisco,94121,37.7744602,-122.4837889,97480,84533,72068
California,San Francisco,94121,37.782490700000004,-122.50986329999999,81756,59848,70458
California,San Francisco,94107,37.77241420000001,-122.39045829999999,116387,103155,82011
California,San Francisco,94107,37.7550919,-122.39747309999998,97103,75078,84386
California,San Francisco,94121,37.7684025,-122.4920873,138908,300000,43060
California,San Francisco,94133,37.8016201,-122.4156811,103844,84786,79819
California,San Francisco,94108,37.7946971,-122.40934920000001,55001,23950,63636
California,San Francisco,94102,37.7870223,-122.412097,54281,34177,54451
California,San Francisco,94123,37.8006183,-122.4321104,122541,109363,79622
California,San Francisco,94115,37.786761799999994,-122.4393346,121371,101333,81452
California,San Francisco,94102,37.777154100000004,-122.42288070000001,93981,68665,76101
California,San Francisco,94117,37.7657245,-122.4460837,142513,128934,79549
California,San Francisco,94114,37.7649374,-122.42943390000002,104107,99341,73607
California,San Francisco,94114,37.753176200000006,-122.43812609999999,142589,137128,81306
California,San Francisco,94110,37.760726899999995,-122.41251129999999,121282,109675,83742
California,San Francisco,94124,37.7277635,-122.3861501,59118,41798,56046
California,San Francisco,94134,37.7287135,-122.4224243,87493,72759,63583
California,San Francisco,94112,37.7113172,-122.4539535,88783,71545,65248
California,San Francisco,94122,37.7628136,-122.47378400000001,105049,91706,69230
California,San Francisco,94112,37.72862,-122.45715829999999,126130,121459,71232
California,San Francisco,94116,37.746019,-122.48043559999999,102538,83532,72937
California,San Francisco,94122,37.7566323,-122.5104356,89750,78219,65925
California,San Francisco,94118,37.7775849,-122.4613475,94357,82151,79616
California,San Francisco,94132,37.7227802,-122.4916513,64846,51997,55329
Georgia,Atlanta,30319,33.875954,-84.334763,94627,70197,77357
Georgia,Atlanta,30311,33.7322732,-84.49105109999999,68393,54129,49605
Georgia,Atlanta,30318,33.78145120000001,-84.46619150000001,27343,21203,24522
Georgia,Atlanta,30306,33.8122786,-84.3618468,69992,59837,56173
Georgia,Atlanta,30327,33.8422302,-84.4439703,159428,177455,86042
Georgia,Atlanta,30342,33.9039166,-84.36754040000001,85374,52161,77562
Georgia,Atlanta,30328,33.9220502,-84.420917,146874,148838,80430
Georgia,Atlanta,30318,33.8272323,-84.4758978,107285,105124,64669
Georgia,Atlanta,30306,33.7755463,-84.3400434,93620,66229,74032
Georgia,Atlanta,30317,33.753895899999996,-84.3249841,66441,47335,62747
Georgia,Atlanta,30316,33.7364896,-84.33691209999999,72240,52016,53150
Georgia,Atlanta,30319,33.9297283,-84.34173,110860,94372,67493
Georgia,Atlanta,30340,33.8909907,-84.2742635,53975,46693,41608
Georgia,Atlanta,30329,33.8550331,-84.3063277,39267,35912,27341
Georgia,Atlanta,30329,33.8501472,-84.31715890000001,54743,41657,47062
Georgia,Atlanta,30324,33.8172846,-84.3411507,132078,119232,86147
Georgia,Atlanta,30329,33.828982,-84.31739820000001,86302,50392,71617
Georgia,Atlanta,30306,33.7885676,-84.3431167,103419,60809,76092
Georgia,Atlanta,30316,33.7124825,-84.3404358,79974,61195,58129
Georgia,Atlanta,30309,33.788324100000004,-84.3785105,135735,127065,77970
Georgia,Atlanta,30313,33.776353799999995,-84.3995123,40197,30912,39575
Georgia,Atlanta,30309,33.776193299999996,-84.3715699,64222,51012,50565
Georgia,Atlanta,30308,33.7663445,-84.3780718,55929,51342,46539
Georgia,Atlanta,30314,33.7586698,-84.4248089,45167,36915,39849
Georgia,Atlanta,30317,33.752080799999995,-84.3530446,56806,27376,61900
Georgia,Atlanta,30314,33.749975899999995,-84.43617940000001,35468,17019,41391
Georgia,Atlanta,30312,33.744331200000005,-84.3839375,28125,17233,31824
Georgia,Atlanta,30315,33.729867,-84.38373709999999,47762,24289,51290
Georgia,Atlanta,30311,33.727755200000004,-84.4370324,30906,21469,27300
Georgia,Atlanta,30310,33.7141012,-84.41012669999999,41985,42461,21322
Georgia,Atlanta,30316,33.7183136,-84.35877049999999,63699,53856,51438
Georgia,Atlanta,30315,33.6963574,-84.3546555,35114,22094,38166
Georgia,Atlanta,30310,33.693485700000004,-84.40979370000001,31057,23141,23834
Georgia,Atlanta,30331,33.7039886,-84.5086055,69556,53664,51164
Georgia,Atlanta,30331,33.6740027,-84.5227905,64831,50854,47011
Georgia,Atlanta,30331,33.7624507,-84.49686170000001,25339,17352,24045
Georgia,Atlanta,30311,33.724532200000006,-84.4555815,50272,48513,37231
Georgia,Atlanta,30331,33.7793033,-84.52103690000001,39718,28744,42298
Georgia,Atlanta,30314,33.7618564,-84.4355748,24723,21532,15500
Georgia,Atlanta,30318,33.793833899999996,-84.4598776,35127,25971,29000
Georgia,Atlanta,30318,33.817208799999996,-84.4416537,73538,61592,47885
Georgia,Atlanta,30305,33.8093237,-84.395033,99443,77597,71278
Georgia,Atlanta,30305,33.8212723,-84.3808773,149410,300000,83534
Georgia,Atlanta,30305,33.830825,-84.3962959,138722,136800,84135
Georgia,Atlanta,30305,33.844113,-84.3614068,142514,300000,83196
Georgia,Atlanta,30327,33.8636555,-84.42505059999999,185371,213846,80140
Georgia,Atlanta,30342,33.8680492,-84.35777159999999,193870,300000,72819
Georgia,Atlanta,30328,33.9215273,-84.3617715,95660,81244,67738
Georgia,Atlanta,30328,33.9620438,-84.35909740000001,48495,39757,32195
Georgia,Atlanta,30350,33.9487098,-84.35140059999999,112389,300000,72897
Georgia,Atlanta,30328,33.919412799999996,-84.4006248,101819,65093,81851
Georgia,Atlanta,30342,33.902178799999994,-84.3843624,89590,64580,78181
Georgia,Atlanta,30312,33.7361403,-84.39282299999999,28307,24156,23223
Georgia,Atlanta,30317,33.7576172,-84.33568220000001,56650,39074,48756
Georgia,Atlanta,30329,33.8518694,-84.3234915,56051,32093,58500
Georgia,Atlanta,30345,33.8342028,-84.2977135,139088,132430,83858
Georgia,Atlanta,30309,33.784163299999996,-84.38301690000002,105119,89290,76709
Georgia,Atlanta,30313,33.765513,-84.3947157,64712,36145,70641
Georgia,Atlanta,30303,33.750944399999995,-84.3916567,58996,52296,48895
Georgia,Atlanta,30312,33.744331200000005,-84.3839375,28125,17233,31824
Georgia,Atlanta,30311,33.727755200000004,-84.4370324,35910,29426,31363
Georgia,Atlanta,30316,33.7183136,-84.35877049999999,64049,43421,58979
